shape_id,shape_pt_lat,shape_pt_lon,shape_pt_sequence,shape_dist_traveled
12-A-OB,29.64865,-82.34495,1,0
12-A-OB,29.64869,-82.34489,2,7.31
12-A-OB,29.64882,-82.34476,3,26.46
12-A-OB,29.64889,-82.34474,4,34.48
12-A-OB,29.64976,-82.34473,5,131.22
12-A-OB,29.64976,-82.34351,6,249.12
12-A-OB,29.64658,-82.34352,7,602.72
12-A-OB,29.64483,-82.34351,8,797.31
12-A-OB,29.64484,-82.345608,9,1000.07
12-A-OB,29.64484,-82.34744,10,1177.11
12-A-OB,29.64488,-82.3486,11,1289.3
12-A-OB,29.64488,-82.3504,12,1463.26
12-A-OB,29.640053,-82.350471,13,2000.04
12-A-OB,29.63917,-82.35049,14,2098.24
12-A-OB,29.63885,-82.35143,15,2195.81
12-A-OB,29.63868,-82.352,16,2254.05
12-A-OB,29.63856,-82.35262,17,2315.44
12-A-OB,29.63827,-82.35501,18,2548.66
12-A-OB,29.63823,-82.35583,19,2628.04
12-A-OB,29.6382,-82.35829,20,2865.81
12-A-OB,29.63814,-82.35847,21,2884.45
12-A-OB,29.63806,-82.35862,22,2901.45
12-A-OB,29.63784,-82.3588,23,2931.47
12-A-OB,29.63765,-82.35887,24,2953.66
12-A-OB,29.637231,-82.35887,25,3000.25
12-A-OB,29.63404,-82.35887,26,3355.07
12-A-OB,29.63382,-82.35882,27,3380.0
12-A-OB,29.63374,-82.35878,28,3389.7
12-A-OB,29.63352,-82.35929,29,3444.73
12-A-OB,29.63237,-82.3617,30,3710.46
12-A-OB,29.63189,-82.36142,31,3770.3
12-A-OB,29.63173,-82.36137,32,3788.73
12-A-OB,29.63164,-82.36136,33,3798.79
12-A-OB,29.63077,-82.36152,34,3896.76
12-A-OB,29.63045,-82.36152,35,3932.34
12-A-OB,29.63019,-82.36149,36,3961.39
12-A-OB,29.629852,-82.36139,37,4000.2
12-A-OB,29.62952,-82.36126,38,4039.2
12-A-OB,29.62929,-82.36113,39,4067.69
12-A-OB,29.62891,-82.36083,40,4118.94
12-A-OB,29.62875,-82.36068,41,4141.89
12-A-OB,29.62856,-82.36043,42,4173.99
12-A-OB,29.62841,-82.36021,43,4201.01
12-A-OB,29.62831,-82.36003,44,4221.66
12-A-OB,29.62729,-82.35787,45,4459.26
12-A-OB,29.62708,-82.3575,46,4501.97
12-A-OB,29.62689,-82.35722,47,4536.3
12-A-OB,29.62641,-82.35677,48,4605.15
12-A-OB,29.62616,-82.35659,49,4637.95
12-A-OB,29.62602,-82.35651,50,4655.33
12-A-OB,29.62561,-82.35634,51,4703.79
12-A-OB,29.62523,-82.35623,52,4747.36
12-A-OB,29.62504,-82.3562,53,4768.69
12-A-OB,29.622963,-82.356023,54,5000.27
12-A-OB,29.62195,-82.35592,55,5113.35
12-A-OB,29.62074,-82.35582,56,5248.25
12-A-OB,29.62069,-82.35585,57,5254.52
12-A-OB,29.62039,-82.35584,58,5287.89
12-A-OB,29.62034,-82.35585,59,5293.53
12-A-OB,29.62031,-82.35588,60,5297.95
12-A-OB,29.62025,-82.35619,61,5328.65
12-A-OB,29.61972,-82.36285,62,5975.13
12-A-OB,29.619493,-82.362828,63,6000.46
12-A-OB,29.61344,-82.36222,64,6676.08
12-A-OB,29.61364,-82.35976,65,6914.93
12-A-OB,29.61333,-82.35968,66,6950.26
12-A-OB,29.612918,-82.359467,67,7000.48
12-A-OB,29.61231,-82.35919,68,7073.2
12-A-OB,29.61215,-82.3591,69,7093.0
12-A-OB,29.61137,-82.36046,70,7250.51
12-A-OB,29.61093,-82.36113,71,7331.68
12-A-OB,29.607071,-82.366438,72,8000.6
12-A-OB,29.60489,-82.36944,73,8378.81
12-A-OB,29.60426,-82.37038,74,8493.56
12-A-OB,29.60421,-82.37063,75,8518.36
12-A-OB,29.60422,-82.37075,76,8530.01
12-A-OB,29.60426,-82.37085,77,8540.66
12-A-OB,29.60431,-82.37091,78,8548.69
12-A-OB,29.60444,-82.37101,79,8566.08
12-A-OB,29.608337,-82.371359,80,9000.72
12-A-OB,29.60835,-82.37136,81,9002.17
12-A-OB,29.60895,-82.37141,82,9069.06
12-A-OB,29.60904,-82.37142,83,9079.11
12-A-OB,29.60915,-82.37143,84,9091.38
12-A-OB,29.60927,-82.37144,85,9104.76
12-A-OB,29.61024,-82.37152,86,9212.9
12-A-OB,29.61118,-82.3716,87,9317.71
12-A-OB,29.6115,-82.37163,88,9353.41
12-A-OB,29.61199,-82.37167,89,9408.03
12-A-OB,29.61231,-82.37171,90,9443.82
12-A-OB,29.61284,-82.37176,91,9502.95
12-A-OB,29.61372,-82.37188,92,9601.49
12-A-OB,29.61403,-82.37192,93,9636.18
12-A-OB,29.61417,-82.37194,94,9651.86
12-A-OB,29.61413,-82.3718,95,9666.11
12-A-OB,29.61411,-82.37165,96,9680.78
12-A-OB,29.6141,-82.3715,97,9695.32
12-A-OB,29.61409,-82.3714,98,9705.05
12-A-OB,29.61408,-82.3713,99,9714.78
12-A-OB,29.61408,-82.37098,100,9745.72
12-A-OB,29.61413,-82.37035,101,9806.87
12-A-OB,29.61415,-82.37002,102,9838.85
12-A-OB,29.61421,-82.36931,103,9907.81
12-A-OB,29.61423,-82.3689,104,9947.51
12-A-OB,29.61424,-82.36886,105,9951.53
12-A-OB,29.61427,-82.36883,106,9955.95
12-A-OB,29.61431,-82.3688,107,9961.26
12-A-OB,29.61435,-82.36878,108,9966.11
12-A-OB,29.61439,-82.36878,109,9970.56
12-A-OB,29.61456,-82.3688,110,9989.56
12-A-OB,29.61494,-82.36884,111,10031.99
12-A-OB,29.61508,-82.36885,112,10047.59
12-A-OB,29.61533,-82.36888,113,10075.54
12-A-OB,29.61548,-82.36889,114,10092.24
12-A-OB,29.61573,-82.36892,115,10120.19
12-A-OB,29.61577,-82.36892,116,10124.64
12-A-OB,29.61566,-82.37001,117,10230.72
12-A-OB,29.61563,-82.37037,118,10265.68
12-A-OB,29.61562,-82.37042,119,10270.64
12-A-OB,29.6156,-82.37064,120,10292.02
12-A-IB,29.61561,-82.37059,1,0
12-A-IB,29.6156,-82.37072,2,12.62
12-A-IB,29.61559,-82.37077,3,17.58
12-A-IB,29.61553,-82.37134,4,73.08
12-A-IB,29.61552,-82.37146,5,84.73
12-A-IB,29.61546,-82.37201,6,138.32
12-A-IB,29.61545,-82.3721,7,147.09
12-A-IB,29.61576,-82.37214,8,181.77
12-A-IB,29.61687,-82.37226,9,305.75
12-A-IB,29.61697,-82.37227,10,316.91
12-A-IB,29.6179,-82.37237,11,420.77
12-A-IB,29.61799,-82.37238,12,430.82
12-A-IB,29.6181,-82.37239,13,443.09
12-A-IB,29.61891,-82.37248,14,533.58
12-A-IB,29.61943,-82.37253,15,591.6
12-A-IB,29.62007,-82.3726,16,663.09
12-A-IB,29.62028,-82.37262,17,686.52
12-A-IB,29.62046,-82.37264,18,706.63
12-A-IB,29.62051,-82.37264,19,712.19
12-A-IB,29.62107,-82.37269,20,774.64
12-A-IB,29.62122,-82.3727,21,791.35
12-A-IB,29.62144,-82.37272,22,815.89
12-A-IB,29.62163,-82.37272,23,837.02
12-A-IB,29.62174,-82.37272,24,849.25
12-A-IB,29.6217,-82.37263,25,859.02
12-A-IB,29.62171,-82.37224,26,896.73
12-A-IB,29.62173,-82.37192,27,927.75
12-A-IB,29.62176,-82.37179,28,940.75
12-A-IB,29.62175,-82.37145,29,973.63
12-A-IB,29.62175,-82.3713,30,988.13
12-A-IB,29.62174,-82.37119,31,998.82
12-A-IB,29.6217,-82.37086,32,1031.03
12-A-IB,29.62165,-82.37058,33,1058.66
12-A-IB,29.621645,-82.370581,34,1059.22
12-A-IB,29.62156,-82.3702,35,1097.25
12-A-IB,29.62138,-82.36965,36,1154.05
12-A-IB,29.62013,-82.36624,37,1511.78
12-A-IB,29.61984,-82.36539,38,1600.05
12-A-IB,29.61974,-82.36495,39,1644.01
12-A-IB,29.61965,-82.36443,40,1695.26
12-A-IB,29.61964,-82.364,41,1736.84
12-A-IB,29.61966,-82.36357,42,1778.47
12-A-IB,29.619892,-82.360678,43,2059.21
12-A-IB,29.62025,-82.35619,44,2494.86
12-A-IB,29.62023,-82.35592,45,2521.05
12-A-IB,29.62017,-82.35581,46,2533.61
12-A-IB,29.62017,-82.35574,47,2540.37
12-A-IB,29.62022,-82.35567,48,2549.13
12-A-IB,29.62029,-82.35566,49,2556.97
12-A-IB,29.62044,-82.35575,50,2575.79
12-A-IB,29.6207,-82.35578,51,2604.84
12-A-IB,29.62074,-82.35582,52,2610.74
12-A-IB,29.624753,-82.356178,53,3058.3
12-A-IB,29.62523,-82.35623,54,3111.58
12-A-IB,29.62561,-82.35634,55,3155.15
12-A-IB,29.62602,-82.35651,56,3203.61
12-A-IB,29.62616,-82.35659,57,3220.99
12-A-IB,29.62641,-82.35677,58,3253.79
12-A-IB,29.62689,-82.35722,59,3322.64
12-A-IB,29.62708,-82.3575,60,3356.97
12-A-IB,29.62729,-82.35787,61,3399.68
12-A-IB,29.62772,-82.35876,62,3498.1
12-A-IB,29.62808,-82.35955,63,3584.32
12-A-IB,29.62841,-82.36021,64,3657.91
12-A-IB,29.62875,-82.36068,65,3717.02
12-A-IB,29.62891,-82.36083,66,3739.97
12-A-IB,29.62929,-82.36113,67,3791.21
12-A-IB,29.62952,-82.36126,68,3819.71
12-A-IB,29.62973,-82.36135,69,3844.63
12-A-IB,29.63019,-82.36149,70,3897.54
12-A-IB,29.63045,-82.36152,71,3926.59
12-A-IB,29.63077,-82.36152,72,3962.17
12-A-IB,29.63096,-82.36149,73,3983.5
12-A-IB,29.6311,-82.36145,74,3999.54
12-A-IB,29.63149,-82.36126,75,4046.63
12-A-IB,29.63159,-82.361233,76,4058.05
12-A-IB,29.63181,-82.36126,77,4082.66
12-A-IB,29.63225,-82.36152,78,4137.66
12-A-IB,29.63359,-82.35869,79,4449.13
12-A-IB,29.63382,-82.35882,80,4477.63
12-A-IB,29.63404,-82.35887,81,4502.56
12-A-IB,29.63765,-82.35887,82,4903.98
12-A-IB,29.63784,-82.3588,83,4926.16
12-A-IB,29.63806,-82.35862,84,4956.18
12-A-IB,29.63816,-82.35842,85,4978.48
12-A-IB,29.63821,-82.35822,86,4998.59
12-A-IB,29.638215,-82.357606,87,5057.94
12-A-IB,29.63823,-82.35583,88,5229.59
12-A-IB,29.63825,-82.35524,89,5286.65
12-A-IB,29.63849,-82.35317,90,5488.48
12-A-IB,29.638593,-82.352451,91,5558.91
12-A-IB,29.63871,-82.35188,92,5615.61
12-A-IB,29.63917,-82.35049,93,5759.35
12-A-IB,29.641856,-82.350446,94,6058.05
12-A-IB,29.64534,-82.35039,95,6445.5
12-A-IB,29.64603,-82.35034,96,6522.37
12-A-IB,29.64619,-82.35027,97,6541.41
12-A-IB,29.646316,-82.350169,98,6558.48
12-A-IB,29.64661,-82.34984,99,6604.08
12-A-IB,29.64672,-82.34977,100,6618.06
12-A-IB,29.64683,-82.34974,101,6630.63
12-A-IB,29.64865,-82.34973,102,6833.01
12-A-IB,29.648641,-82.347401,103,7058.08
12-A-IB,29.64862,-82.34627,104,7167.4
12-A-IB,29.64862,-82.34504,105,7286.26
12-A-IB,29.64865,-82.34495,106,7295.58
12-B-OB,29.63043,-82.36152,1,0
12-B-OB,29.63019,-82.36149,2,26.84
12-B-OB,29.62994,-82.36142,3,55.45
12-B-OB,29.62952,-82.36126,4,104.65
12-B-OB,29.62929,-82.36113,5,133.14
12-B-OB,29.62891,-82.36083,6,184.39
12-B-OB,29.62875,-82.36068,7,207.34
12-B-OB,29.62841,-82.36021,8,266.44
12-B-OB,29.62831,-82.36003,9,287.09
12-B-OB,29.62729,-82.35787,10,524.69
12-B-OB,29.62708,-82.3575,11,567.4
12-B-OB,29.62689,-82.35722,12,601.73
12-B-OB,29.62641,-82.35677,13,670.59
12-B-OB,29.62616,-82.35659,14,703.38
12-B-OB,29.62602,-82.35651,15,720.76
12-B-OB,29.62561,-82.35634,16,769.22
12-B-OB,29.62523,-82.35623,17,812.8
12-B-OB,29.62504,-82.3562,18,834.12
12-B-OB,29.623551,-82.35608,19,1000.1
12-B-OB,29.62195,-82.35592,20,1178.79
12-B-OB,29.62074,-82.35582,21,1313.68
12-B-OB,29.62069,-82.35585,22,1319.95
12-B-OB,29.62039,-82.35584,23,1353.32
12-B-OB,29.62034,-82.35585,24,1358.97
12-B-OB,29.62031,-82.35588,25,1363.39
12-B-OB,29.62025,-82.35619,26,1394.09
12-B-OB,29.619754,-82.362433,27,2000.08
12-B-OB,29.61972,-82.36285,28,2040.56
12-B-OB,29.61344,-82.36222,29,2741.52
12-B-OB,29.61364,-82.35976,30,2980.36
12-B-OB,29.613467,-82.359715,31,3000.09
12-B-OB,29.61333,-82.35968,32,3015.69
12-B-OB,29.61322,-82.35963,33,3028.84
12-B-OB,29.61297,-82.35949,34,3059.76
12-B-OB,29.61231,-82.35919,35,3138.67
12-B-OB,29.61215,-82.3591,36,3158.48
12-B-OB,29.61137,-82.36046,37,3315.98
12-B-OB,29.61093,-82.36113,38,3397.16
12-B-OB,29.60745,-82.365915,39,4000.25
12-B-OB,29.60489,-82.36944,40,4444.29
12-B-OB,29.60426,-82.37038,41,4559.03
12-B-OB,29.60421,-82.37064,42,4584.78
12-B-OB,29.60422,-82.37075,43,4595.47
12-B-OB,29.60426,-82.37085,44,4606.11
12-B-OB,29.60436,-82.37096,45,4621.5
12-B-OB,29.60444,-82.37101,46,4631.62
12-B-OB,29.607746,-82.371306,47,5000.34
12-B-OB,29.60779,-82.37131,48,5005.25
12-B-OB,29.60835,-82.37136,49,5067.71
12-B-OB,29.60895,-82.37141,50,5134.6
12-B-OB,29.60904,-82.37142,51,5144.65
12-B-OB,29.60915,-82.37143,52,5156.92
12-B-OB,29.60927,-82.37144,53,5170.3
12-B-OB,29.61024,-82.37152,54,5278.44
12-B-OB,29.61118,-82.3716,55,5383.25
12-B-OB,29.6115,-82.37163,56,5418.95
12-B-OB,29.61199,-82.37167,57,5473.57
12-B-OB,29.61231,-82.37171,58,5509.36
12-B-OB,29.61284,-82.37176,59,5568.49
12-B-OB,29.61372,-82.37188,60,5667.03
12-B-OB,29.61403,-82.37192,61,5701.72
12-B-OB,29.61417,-82.37194,62,5717.4
12-B-OB,29.61413,-82.3718,63,5731.65
12-B-OB,29.61411,-82.37165,64,5746.32
12-B-OB,29.6141,-82.3715,65,5760.86
12-B-OB,29.61409,-82.3714,66,5770.59
12-B-OB,29.61408,-82.3713,67,5780.32
12-B-OB,29.61408,-82.37098,68,5811.26
12-B-OB,29.61413,-82.37035,69,5872.41
12-B-OB,29.61415,-82.37002,70,5904.39
12-B-OB,29.61421,-82.36931,71,5973.35
12-B-OB,29.61423,-82.36893,72,6010.15
12-B-OB,29.61423,-82.3689,73,6013.05
12-B-OB,29.61424,-82.36886,74,6017.08
12-B-OB,29.61427,-82.36883,75,6021.5
12-B-OB,29.61431,-82.3688,76,6026.81
12-B-OB,29.61435,-82.36878,77,6031.66
12-B-OB,29.61439,-82.36878,78,6036.1
12-B-OB,29.61456,-82.3688,79,6055.11
12-B-OB,29.61494,-82.36884,80,6097.54
12-B-OB,29.61533,-82.36888,81,6141.07
12-B-OB,29.61548,-82.36889,82,6157.78
12-B-OB,29.61573,-82.36892,83,6185.73
12-B-OB,29.61577,-82.36892,84,6190.18
12-B-OB,29.61566,-82.37001,85,6296.25
12-B-OB,29.61563,-82.37037,86,6331.21
12-B-OB,29.61562,-82.37042,87,6336.17
12-B-OB,29.6156,-82.37072,88,6365.26
5-A-OB,29.64556,-82.3226,1,0
5-A-OB,29.64556,-82.3228,2,19.33
5-A-OB,29.64644,-82.3228,3,117.18
5-A-OB,29.64643,-82.3225,4,146.19
5-A-OB,29.64648,-82.32233,5,163.54
5-A-OB,29.64713,-82.32235,6,235.84
5-A-OB,29.64771,-82.32231,7,300.45
5-A-OB,29.64913,-82.32238,8,458.49
5-A-OB,29.64966,-82.32236,9,517.45
5-A-OB,29.65029,-82.32239,10,587.57
5-A-OB,29.652,-82.32242,11,777.73
5-A-OB,29.652,-82.32405,12,935.25
5-A-OB,29.65195,-82.32416,13,947.24
5-A-OB,29.65196,-82.324706,14,1000.01
5-A-OB,29.65195,-82.32584,15,1109.6
5-A-OB,29.652,-82.32703,16,1224.73
5-A-OB,29.65202,-82.33044,17,1554.26
5-A-OB,29.65206,-82.33097,18,1605.67
5-A-OB,29.65206,-82.335051,19,2000.03
5-A-OB,29.65206,-82.34027,20,2504.36
5-A-OB,29.65208,-82.3405,21,2526.7
5-A-OB,29.65208,-82.34102,22,2576.94
5-A-OB,29.65212,-82.34112,23,2587.58
5-A-OB,29.65213,-82.34122,24,2597.31
5-A-OB,29.65211,-82.34268,25,2738.41
5-A-OB,29.65212,-82.345387,26,3000.0
5-A-OB,29.65213,-82.34788,27,3240.91
5-A-OB,29.65209,-82.34795,28,3249.01
5-A-OB,29.65208,-82.3486,29,3311.83
5-A-OB,29.6521,-82.35069,30,3513.8
5-A-OB,29.65213,-82.35084,31,3528.68
5-A-OB,29.65211,-82.35216,32,3656.25
5-A-OB,29.65187,-82.35216,33,3682.94
5-A-OB,29.65175,-82.35218,34,3696.42
5-A-OB,29.65166,-82.35223,35,3707.54
5-A-OB,29.6516,-82.35229,36,3716.37
5-A-OB,29.650636,-82.355007,37,3999.97
5-A-OB,29.65045,-82.35553,38,4054.58
5-A-OB,29.65039,-82.35575,39,4076.86
5-A-OB,29.65034,-82.35619,40,4119.74
5-A-OB,29.65042,-82.36414,41,4888.04
5-A-OB,29.65042,-82.365299,42,5000.04
5-A-OB,29.65038,-82.37116,43,5566.44
5-A-OB,29.65042,-82.37136,44,5586.27
5-A-OB,29.65045,-82.37321,45,5765.07
5-A-OB,29.65059,-82.37437,46,5878.25
5-A-OB,29.650792,-82.375608,47,5999.97
5-A-OB,29.65096,-82.37653,48,6091.01
5-A-OB,29.65115,-82.37724,49,6162.8
5-A-OB,29.65159,-82.37868,50,6310.3
5-A-OB,29.65181,-82.37906,51,6354.42
5-A-OB,29.65201,-82.37953,52,6404.99
5-A-OB,29.65214,-82.38008,53,6460.07
5-A-OB,29.65228,-82.38051,54,6504.44
5-A-OB,29.653999,-82.385241,55,6999.96
5-A-OB,29.65421,-82.38576,56,7055.33
5-A-OB,29.65455,-82.38674,57,7157.3
5-A-OB,29.65547,-82.3892,58,7416.09
5-A-OB,29.65557,-82.38952,59,7448.95
5-A-OB,29.65584,-82.39027,60,7527.39
5-A-OB,29.65628,-82.39142,61,7648.81
5-A-OB,29.657507,-82.394769,62,8000.01
5-A-OB,29.65801,-82.39613,63,8142.92
5-A-OB,29.6587,-82.39808,64,8346.36
5-A-OB,29.65917,-82.39977,65,8517.82
5-A-OB,29.65924,-82.40009,66,8549.7
5-A-OB,29.65944,-82.40119,67,8658.3
5-A-OB,29.65962,-82.40276,68,8811.31
5-A-OB,29.65967,-82.40367,69,8899.42
5-A-OB,29.65967,-82.404711,70,9000.01
5-A-OB,29.65968,-82.40533,71,9059.83
5-A-OB,29.65967,-82.40652,72,9174.82
5-A-OB,29.65855,-82.40653,73,9299.36
5-A-OB,29.65734,-82.40638,74,9434.69
5-A-OB,29.65704,-82.40636,75,9468.1
5-A-OB,29.65686,-82.4064,76,9488.48
5-A-OB,29.65672,-82.40645,77,9504.78
5-A-OB,29.65653,-82.40659,78,9529.87
5-A-OB,29.65638,-82.40677,79,9553.97
5-A-OB,29.65627,-82.40698,80,9577.66
5-A-OB,29.65623,-82.40709,81,9589.19
5-A-OB,29.6562,-82.40733,82,9612.62
5-A-OB,29.65619,-82.40867,83,9742.1
5-A-OB,29.65622,-82.40888,84,9762.67
5-A-OB,29.65806,-82.40887,85,9967.27
5-A-IB,29.65805,-82.40887,1,0
5-A-IB,29.65955,-82.40887,2,166.79
5-A-IB,29.65954,-82.40357,3,678.91
5-A-IB,29.65945,-82.4024,4,792.41
5-A-IB,29.65935,-82.40158,5,872.42
5-A-IB,29.65925,-82.40093,6,936.2
5-A-IB,29.659126,-82.400285,7,1000.03
5-A-IB,29.65903,-82.3998,8,1048.1
5-A-IB,29.65883,-82.39896,9,1132.26
5-A-IB,29.65851,-82.39789,10,1241.6
5-A-IB,29.65744,-82.39495,11,1549.59
5-A-IB,29.65656,-82.39261,12,1795.97
5-A-IB,29.65617,-82.39147,13,1914.35
5-A-IB,29.655865,-82.390656,14,2000.01
5-A-IB,29.65436,-82.38654,15,2431.52
5-A-IB,29.65375,-82.38493,16,2601.24
5-A-IB,29.65314,-82.38321,17,2780.75
5-A-IB,29.652368,-82.381122,18,3000.02
5-A-IB,29.65216,-82.38055,19,3059.94
5-A-IB,29.65198,-82.37996,20,3120.36
5-A-IB,29.65183,-82.37969,21,3151.33
5-A-IB,29.65159,-82.37902,22,3221.36
5-A-IB,29.65135,-82.37827,23,3298.59
5-A-IB,29.65104,-82.37726,24,3402.1
5-A-IB,29.65088,-82.37664,25,3464.6
5-A-IB,29.65087,-82.37654,26,3474.33
5-A-IB,29.65068,-82.37569,27,3559.14
5-A-IB,29.6506,-82.37522,28,3605.42
5-A-IB,29.65049,-82.37427,29,3698.04
5-A-IB,29.65039,-82.37357,30,3766.59
5-A-IB,29.65037,-82.37319,31,3803.38
5-A-IB,29.65035,-82.37307,32,3815.19
5-A-IB,29.65034,-82.37136,33,3980.44
5-A-IB,29.650377,-82.371162,34,4000.01
5-A-IB,29.65042,-82.36558,35,4539.44
5-A-IB,29.65042,-82.36414,36,4678.6
5-A-IB,29.650383,-82.360814,37,5000.03
5-A-IB,29.65034,-82.35619,38,5446.9
5-A-IB,29.65039,-82.35575,39,5489.78
5-A-IB,29.65045,-82.35553,40,5512.06
5-A-IB,29.6516,-82.35229,41,5850.27
5-A-IB,29.65175,-82.35219,42,5869.54
5-A-IB,29.65202,-82.3522,43,5899.58
5-A-IB,29.652046,-82.351161,44,6000.02
5-A-IB,29.65206,-82.35084,45,6031.08
5-A-IB,29.6521,-82.35069,46,6046.24
5-A-IB,29.65208,-82.3486,47,6248.22
5-A-IB,29.6521,-82.34793,48,6313.0
5-A-IB,29.65204,-82.3478,49,6327.23
5-A-IB,29.65203,-82.34712,50,6392.95
5-A-IB,29.65201,-82.34179,51,6908.01
5-A-IB,29.652041,-82.340839,52,6999.97
5-A-IB,29.65205,-82.34024,53,7057.86
5-A-IB,29.65201,-82.33914,54,7164.25
5-A-IB,29.65206,-82.33907,55,7173.01
5-A-IB,29.65206,-82.3337,56,7691.93
5-A-IB,29.65196,-82.33371,57,7703.09
5-A-IB,29.65206,-82.3337,58,7714.25
5-A-IB,29.65206,-82.33097,59,7978.06
5-A-IB,29.652043,-82.330744,60,7999.98
5-A-IB,29.65202,-82.33044,61,8029.47
5-A-IB,29.65201,-82.32726,62,8336.77
5-A-IB,29.65195,-82.32584,63,8474.15
5-A-IB,29.65196,-82.32437,64,8616.21
5-A-IB,29.65195,-82.32416,65,8636.53
5-A-IB,29.65193,-82.32414,66,8639.48
5-A-IB,29.6519,-82.32403,67,8650.62
5-A-IB,29.65191,-82.32241,68,8807.17
5-A-IB,29.65104,-82.3224,69,8903.91
5-A-IB,29.65068,-82.32241,70,8943.95
5-A-IB,29.650176,-82.322389,71,9000.03
5-A-IB,29.64966,-82.32236,72,9057.48
5-A-IB,29.64913,-82.32238,73,9116.44
5-A-IB,29.64839,-82.32235,74,9198.78
5-A-IB,29.64713,-82.32235,75,9338.88
5-A-IB,29.64659,-82.32233,76,9398.96
5-A-IB,29.64657,-82.32261,77,9426.11
5-A-IB,29.64591,-82.32257,78,9499.6
5-A-IB,29.64567,-82.32252,79,9526.72
5-A-IB,29.64552,-82.32259,80,9544.72
5-A-IB,29.64549,-82.3227,81,9555.86
9-A-IB,29.61271,-82.35937,1,0
9-A-IB,29.61333,-82.35968,2,75.17
9-A-IB,29.61364,-82.35976,3,110.5
9-A-IB,29.61344,-82.36222,4,349.35
9-A-IB,29.619269,-82.362807,5,999.98
9-A-IB,29.61972,-82.36285,6,1050.3
9-A-IB,29.62025,-82.35619,7,1696.78
9-A-IB,29.62024,-82.35597,8,1718.07
9-A-IB,29.62021,-82.35587,9,1728.3
9-A-IB,29.62017,-82.35581,10,1735.61
9-A-IB,29.62017,-82.35574,11,1742.37
9-A-IB,29.62022,-82.35567,12,1751.13
9-A-IB,29.62029,-82.35566,13,1758.98
9-A-IB,29.62044,-82.35575,14,1777.79
9-A-IB,29.6207,-82.35578,15,1806.84
9-A-IB,29.62074,-82.35582,16,1812.74
9-A-IB,29.62195,-82.35592,17,1947.63
9-A-IB,29.62242,-82.355973,18,2000.14
9-A-IB,29.62504,-82.3562,19,2292.3
9-A-IB,29.62523,-82.35623,20,2313.62
9-A-IB,29.62575,-82.35639,21,2373.48
9-A-IB,29.62602,-82.35651,22,2405.66
9-A-IB,29.62629,-82.35668,23,2439.89
9-A-IB,29.62654,-82.35688,24,2473.75
9-A-IB,29.62689,-82.35722,25,2524.68
9-A-IB,29.62708,-82.3575,26,2559.02
9-A-IB,29.62729,-82.35787,27,2601.73
9-A-IB,29.62772,-82.35876,28,2700.15
9-A-IB,29.62808,-82.35955,29,2786.36
9-A-IB,29.62841,-82.36021,30,2859.96
9-A-IB,29.62875,-82.36068,31,2919.06
9-A-IB,29.62891,-82.36083,32,2942.01
9-A-IB,29.629346,-82.361161,33,3000.1
9-A-IB,29.62952,-82.36126,34,3021.68
9-A-IB,29.62973,-82.36135,35,3046.6
9-A-IB,29.63019,-82.36149,36,3099.51
9-A-IB,29.63045,-82.36152,37,3128.56
9-A-IB,29.63077,-82.36152,38,3164.15
9-A-IB,29.63096,-82.36149,39,3185.47
9-A-IB,29.6311,-82.36145,40,3201.51
9-A-IB,29.63149,-82.36126,41,3248.61
9-A-IB,29.6316,-82.36123,42,3261.18
9-A-IB,29.63181,-82.36126,43,3284.71
9-A-IB,29.63225,-82.36152,44,3339.71
9-A-IB,29.63359,-82.35869,45,3651.19
9-A-IB,29.63382,-82.35882,46,3679.68
9-A-IB,29.63404,-82.35887,47,3704.62
9-A-IB,29.636698,-82.35887,48,4000.17
9-A-IB,29.63765,-82.35887,49,4106.03
9-A-IB,29.63784,-82.3588,50,4128.21
9-A-IB,29.63799,-82.35869,51,4147.99
9-A-IB,29.63806,-82.35862,52,4158.3
9-A-IB,29.63816,-82.35842,53,4180.6
9-A-IB,29.63821,-82.35822,54,4200.72
9-A-IB,29.63823,-82.35583,55,4431.71
9-A-IB,29.63825,-82.35524,56,4488.78
9-A-IB,29.63856,-82.35262,57,4744.33
9-A-IB,29.63871,-82.35188,58,4817.77
9-A-IB,29.63917,-82.35049,59,4961.51
9-A-IB,29.639519,-82.35048,60,5000.33
9-A-IB,29.64498,-82.3504,61,5607.62
9-A-IB,29.64584,-82.35036,62,5703.32
9-A-IB,29.64603,-82.35034,63,5724.54
9-A-IB,29.64624,-82.35024,64,5749.81
9-A-IB,29.64661,-82.34984,65,5806.26
9-A-IB,29.64672,-82.34977,66,5820.24
9-A-IB,29.64683,-82.34974,67,5832.81
9-A-IB,29.648337,-82.349737,68,6000.38
9-A-IB,29.64865,-82.34973,69,6035.19
9-A-IB,29.64862,-82.34504,70,6488.43
9-A-IB,29.64865,-82.34495,71,6497.74
9-A-IB,29.64869,-82.34489,72,6505.05
9-A-IB,29.64882,-82.34476,73,6524.2
9-A-IB,29.64889,-82.34474,74,6532.22
9-A-IB,29.64976,-82.34473,75,6628.97
9-A-IB,29.64976,-82.34351,76,6746.86
9-A-IB,29.647485,-82.34351,77,6999.83
9-A-IB,29.64653,-82.34352,78,7106.03
9-A-IB,29.64649,-82.34369,79,7123.05
9-A-IB,29.64586,-82.34503,80,7270.28
9-A-IB,29.64577,-82.34525,81,7293.78
9-A-IB,29.64573,-82.34542,82,7310.8
9-A-IB,29.6457,-82.34565,83,7333.27
9-A-IB,29.64569,-82.34634,84,7399.96
9-A-IB,29.64567,-82.34647,85,7412.72
9-A-IB,29.64563,-82.34659,86,7425.14
9-A-IB,29.6455,-82.34679,87,7449.28
9-A-IB,29.6454,-82.34686,88,7462.29
9-A-IB,29.64528,-82.34691,89,7476.48
9-A-IB,29.64511,-82.34693,90,7495.49
9-A-OB,29.64534,-82.34689,1,0
9-A-OB,29.64515,-82.34693,2,21.48
9-A-OB,29.64484,-82.34693,3,55.95
9-A-OB,29.64484,-82.34744,4,105.23
9-A-OB,29.64488,-82.3486,5,217.43
9-A-OB,29.64488,-82.3504,6,391.38
9-A-OB,29.639408,-82.350485,7,999.89
9-A-OB,29.63917,-82.35049,8,1026.36
9-A-OB,29.63885,-82.35143,9,1123.93
9-A-OB,29.63868,-82.352,10,1182.17
9-A-OB,29.63856,-82.35262,11,1243.56
9-A-OB,29.63827,-82.35501,12,1476.78
9-A-OB,29.63823,-82.35583,13,1556.16
9-A-OB,29.6382,-82.35829,14,1793.93
9-A-OB,29.63814,-82.35847,15,1812.57
9-A-OB,29.63806,-82.35862,16,1829.57
9-A-OB,29.6379,-82.35876,17,1851.93
9-A-OB,29.6378,-82.35882,18,1864.47
9-A-OB,29.63765,-82.35887,19,1881.83
9-A-OB,29.636588,-82.35887,20,1999.92
9-A-OB,29.63404,-82.35887,21,2283.25
9-A-OB,29.63382,-82.35882,22,2308.18
9-A-OB,29.63374,-82.35878,23,2317.88
9-A-OB,29.63352,-82.35929,24,2372.91
9-A-OB,29.63237,-82.3617,25,2638.63
9-A-OB,29.63189,-82.36142,26,2698.47
9-A-OB,29.63173,-82.36137,27,2716.91
9-A-OB,29.63164,-82.36136,28,2726.96
9-A-OB,29.63077,-82.36152,29,2824.93
9-A-OB,29.63045,-82.36152,30,2860.51
9-A-OB,29.63019,-82.36149,31,2889.57
9-A-OB,29.62973,-82.36135,32,2942.48
9-A-OB,29.62952,-82.36126,33,2967.4
9-A-OB,29.629259,-82.361108,34,2999.93
9-A-OB,29.629083,-82.360983,35,3022.93
9-A-OB,29.6287,-82.36062,36,3078.1
9-A-OB,29.62852,-82.36039,37,3108.02
9-A-OB,29.62826,-82.35994,38,3160.25
9-A-OB,29.62735,-82.35803,39,3370.77
9-A-OB,29.62706,-82.35749,40,3432.12
9-A-OB,29.62687,-82.35724,41,3464.22
9-A-OB,29.62666,-82.357,42,3497.14
9-A-OB,29.6263,-82.35669,43,3547.14
9-A-OB,29.62592,-82.35646,44,3594.89
9-A-OB,29.62579,-82.3564,45,3610.46
9-A-OB,29.62536,-82.35625,46,3660.42
9-A-OB,29.62521,-82.35622,47,3677.35
9-A-OB,29.622317,-82.355956,48,4000.05
9-A-OB,29.6208,-82.35582,49,4169.25
9-A-OB,29.62071,-82.35586,50,4179.97
9-A-OB,29.62034,-82.35583,51,4221.22
9-A-OB,29.62033,-82.35586,52,4224.32
9-A-OB,29.62029,-82.35588,53,4229.17
9-A-OB,29.62024,-82.35588,54,4234.73
9-A-OB,29.62018,-82.35582,55,4243.57
9-A-OB,29.61979,-82.35576,56,4287.33
9-A-OB,29.61972,-82.35571,57,4296.49
9-A-OB,29.61363,-82.35508,58,4976.4
9-A-OB,29.613569,-82.355314,59,5000.01
9-A-OB,29.61346,-82.35573,60,5042.02
9-A-OB,29.6131,-82.35684,61,5156.54
9-A-OB,29.61288,-82.35742,62,5217.72
9-A-OB,29.61251,-82.3583,63,5312.21
9-A-OB,29.61214,-82.35907,64,5397.26
9-A-OB,29.6128,-82.35942,65,5478.08
9-A-OB,29.61279,-82.35941,66,5479.55
6-A-IB,29.70985,-82.35595,1,0
6-A-IB,29.71063,-82.35622,2,90.57
6-A-IB,29.71089,-82.35633,3,121.37
6-A-IB,29.71115,-82.35639,4,150.85
6-A-IB,29.71134,-82.35638,5,172.0
6-A-IB,29.71191,-82.35622,6,237.24
6-A-IB,29.71232,-82.35608,7,284.79
6-A-IB,29.71249,-82.35595,8,307.49
6-A-IB,29.71273,-82.35568,9,344.8
6-A-IB,29.71303,-82.35538,10,388.98
6-A-IB,29.71223,-82.35443,11,516.77
6-A-IB,29.71171,-82.35377,12,602.83
6-A-IB,29.71062,-82.35404,13,726.81
6-A-IB,29.71056,-82.35405,14,733.55
6-A-IB,29.71048,-82.35404,15,742.49
6-A-IB,29.70995,-82.35415,16,802.38
6-A-IB,29.70945,-82.35428,17,859.38
6-A-IB,29.70918,-82.35437,18,890.63
6-A-IB,29.70883,-82.35452,19,932.16
6-A-IB,29.708285,-82.354837,20,1000.05
6-A-IB,29.70801,-82.35501,21,1034.9
6-A-IB,29.70779,-82.35518,22,1064.36
6-A-IB,29.70747,-82.35547,23,1109.64
6-A-IB,29.70716,-82.35579,24,1155.94
6-A-IB,29.70675,-82.3563,25,1223.06
6-A-IB,29.70643,-82.35682,26,1284.61
6-A-IB,29.70602,-82.35767,27,1378.51
6-A-IB,29.703504,-82.363416,28,2000.01
6-A-IB,29.70332,-82.3638,29,2042.36
6-A-IB,29.7033,-82.3634,30,2081.06
6-A-IB,29.70329,-82.3624,31,2177.65
6-A-IB,29.7033,-82.35949,32,2458.71
6-A-IB,29.70328,-82.35487,33,2904.94
6-A-IB,29.70326,-82.353886,34,3000.0
6-A-IB,29.70326,-82.35262,35,3122.28
6-A-IB,29.70329,-82.35254,36,3130.69
6-A-IB,29.70329,-82.35189,37,3193.47
6-A-IB,29.70323,-82.34642,38,3721.83
6-A-IB,29.70323,-82.34483,39,3875.4
6-A-IB,29.7032,-82.34413,40,3943.09
6-A-IB,29.7032,-82.34372,41,3982.69
6-A-IB,29.703089,-82.343595,42,3999.96
6-A-IB,29.70221,-82.34256,43,4139.77
6-A-IB,29.70047,-82.34062,44,4409.11
6-A-IB,29.70006,-82.34022,45,4468.87
6-A-IB,29.69959,-82.33981,46,4534.44
6-A-IB,29.69923,-82.33954,47,4582.21
6-A-IB,29.69902,-82.33941,48,4608.72
6-A-IB,29.69877,-82.33929,49,4638.84
6-A-IB,29.69852,-82.3392,50,4667.97
6-A-IB,29.69829,-82.33914,51,4694.19
6-A-IB,29.69803,-82.3391,52,4723.36
6-A-IB,29.69767,-82.33908,53,4763.44
6-A-IB,29.695543,-82.3391,54,4999.96
6-A-IB,29.69249,-82.33911,55,5339.44
6-A-IB,29.68923,-82.33907,56,5701.95
6-A-IB,29.68851,-82.33909,57,5782.04
6-A-IB,29.68655,-82.339105,58,5999.98
6-A-IB,29.68144,-82.33915,59,6568.2
6-A-IB,29.68134,-82.33908,60,6581.22
6-A-IB,29.68081,-82.33908,61,6640.15
6-A-IB,29.68073,-82.33915,62,6651.33
6-A-IB,29.68047,-82.33916,63,6680.25
6-A-IB,29.68001,-82.33914,64,6731.44
6-A-IB,29.67913,-82.33917,65,6829.33
6-A-IB,29.677595,-82.339173,66,7000.02
6-A-IB,29.67397,-82.33919,67,7403.1
6-A-IB,29.67395,-82.33907,68,7414.91
6-A-IB,29.67394,-82.33856,69,7464.19
6-A-IB,29.67397,-82.33762,70,7555.07
6-A-IB,29.67397,-82.33705,71,7610.14
6-A-IB,29.673933,-82.333015,72,7999.99
6-A-IB,29.67393,-82.33196,73,8101.92
6-A-IB,29.67391,-82.33189,74,8109.04
6-A-IB,29.67388,-82.33139,75,8157.46
6-A-IB,29.67389,-82.33084,76,8210.61
6-A-IB,29.67368,-82.33085,77,8233.98
6-A-IB,29.67292,-82.33084,78,8318.49
6-A-IB,29.67281,-82.33081,79,8331.06
6-A-IB,29.6725,-82.33081,80,8365.53
6-A-IB,29.67031,-82.33085,81,8609.08
6-A-IB,29.666794,-82.33086,82,9000.04
6-A-IB,29.66207,-82.3309,83,9525.34
6-A-IB,29.6616,-82.33089,84,9577.61
6-A-IB,29.66019,-82.3309,85,9734.4
6-A-IB,29.657804,-82.330852,86,9999.75
6-A-IB,29.65748,-82.33083,87,10035.84
6-A-IB,29.65683,-82.33082,88,10108.13
6-A-IB,29.65058,-82.33084,89,10803.1
6-A-IB,29.65039,-82.33088,90,10824.57
6-A-IB,29.65034,-82.3309,91,10830.46
6-A-IB,29.6503,-82.33095,92,10837.03
6-A-IB,29.65024,-82.33096,93,10843.77
6-A-IB,29.65013,-82.33088,94,10858.24
6-A-IB,29.65001,-82.33087,95,10871.62
6-A-IB,29.64996,-82.33083,96,10878.39
6-A-IB,29.64964,-82.33082,97,10913.98
6-A-IB,29.64949,-82.33085,98,10930.91
6-A-IB,29.64936,-82.3309,99,10946.15
6-A-IB,29.64907,-82.33095,100,10978.76
6-A-IB,29.64897,-82.33093,101,10990.05
6-A-IB,29.648886,-82.330953,102,10999.65
6-A-IB,29.64866,-82.331,103,11025.19
6-A-IB,29.6486,-82.33104,104,11032.9
6-A-IB,29.64845,-82.33109,105,11050.26
6-A-IB,29.64834,-82.33116,106,11064.24
6-A-IB,29.64834,-82.33119,107,11067.14
6-A-IB,29.6483,-82.33125,108,11074.45
6-A-IB,29.64823,-82.33128,109,11082.75
6-A-IB,29.64818,-82.33127,110,11088.39
6-A-IB,29.64814,-82.33124,111,11093.7
6-A-IB,29.64791,-82.33129,112,11119.73
6-A-IB,29.64781,-82.33129,113,11130.85
6-A-IB,29.64772,-82.33126,114,11141.27
6-A-IB,29.64535,-82.33128,115,11404.81
6-A-IB,29.64409,-82.33127,116,11544.92
6-A-IB,29.644,-82.3313,117,11555.34
6-A-IB,29.64369,-82.33127,118,11589.93
6-A-IB,29.64359,-82.33128,119,11601.09
6-A-IB,29.64353,-82.33132,120,11608.8
6-A-IB,29.64349,-82.33132,121,11613.25
6-A-IB,29.64343,-82.33129,122,11620.52
6-A-IB,29.64341,-82.33127,123,11623.47
6-A-IB,29.64339,-82.33117,124,11633.39
6-A-IB,29.64349,-82.33101,125,11652.43
6-A-IB,29.64352,-82.3309,126,11663.57
6-A-IB,29.64377,-82.32955,127,11796.97
6-A-IB,29.644115,-82.32749,128,11999.71
6-A-IB,29.64447,-82.32539,129,12206.46
6-A-IB,29.64448,-82.32524,130,12221.0
6-A-IB,29.64438,-82.32508,131,12240.05
6-A-IB,29.64438,-82.32494,132,12253.58
6-A-IB,29.6444,-82.32489,133,12258.89
6-A-IB,29.64446,-82.32482,134,12268.4
6-A-IB,29.64454,-82.32479,135,12277.75
6-A-IB,29.64458,-82.32475,136,12283.64
6-A-IB,29.64462,-82.32467,137,12292.56
6-A-IB,29.64476,-82.32407,138,12352.6
6-A-IB,29.64509,-82.32308,139,12455.07
6-A-IB,29.64513,-82.32292,140,12471.16
6-A-IB,29.64518,-82.32259,141,12503.53
6-A-IB,29.64519,-82.32231,142,12530.61
6-A-IB,29.64658,-82.32233,143,12685.19
6-A-IB,29.64658,-82.32258,144,12709.35
6-A-IB,29.645909,-82.322581,145,12783.96
6-A-IB,29.645697,-82.322525,146,12808.15
6-A-IB,29.645606,-82.322543,147,12818.41
6-A-IB,29.645513,-82.322702,148,12836.93
6-A-OB,29.64552,-82.3227,1,0
6-A-OB,29.645578,-82.322841,2,15.08
6-A-OB,29.64649,-82.32287,3,116.52
6-A-OB,29.64654,-82.32283,4,123.3
6-A-OB,29.64657,-82.32276,5,130.84
6-A-OB,29.64658,-82.32233,6,172.41
6-A-OB,29.64526,-82.32232,7,319.19
6-A-OB,29.64525,-82.32255,8,341.44
6-A-OB,29.64519,-82.32294,9,379.72
6-A-OB,29.64494,-82.32377,10,464.61
6-A-OB,29.64479,-82.3242,11,509.39
6-A-OB,29.64468,-82.32474,12,562.99
6-A-OB,29.64469,-82.32484,13,572.72
6-A-OB,29.64476,-82.32498,14,588.32
6-A-OB,29.64474,-82.32511,15,601.08
6-A-OB,29.64468,-82.32519,16,611.3
6-A-OB,29.6446,-82.32523,17,620.99
6-A-OB,29.64455,-82.32532,18,631.32
6-A-OB,29.643922,-82.329067,19,1000.1
6-A-OB,29.64358,-82.33095,20,1186.01
6-A-OB,29.6436,-82.33113,21,1203.55
6-A-OB,29.64374,-82.33118,22,1219.85
6-A-OB,29.64402,-82.33123,23,1251.35
6-A-OB,29.64409,-82.33127,24,1260.04
6-A-OB,29.64426,-82.33128,25,1278.97
6-A-OB,29.64755,-82.33127,26,1644.81
6-A-OB,29.64772,-82.33126,27,1663.73
6-A-OB,29.6478,-82.33122,28,1673.43
6-A-OB,29.64791,-82.33122,29,1685.66
6-A-OB,29.64801,-82.3312,30,1696.95
6-A-OB,29.64811,-82.33112,31,1710.49
6-A-OB,29.64813,-82.33105,32,1717.61
6-A-OB,29.64822,-82.331,33,1728.73
6-A-OB,29.6483,-82.33103,34,1738.08
6-A-OB,29.64831,-82.33105,35,1740.31
6-A-OB,29.64859,-82.33099,36,1771.98
6-A-OB,29.64866,-82.331,37,1779.83
6-A-OB,29.6489,-82.33095,38,1806.95
6-A-OB,29.64906,-82.33089,39,1825.66
6-A-OB,29.64936,-82.33084,40,1859.37
6-A-OB,29.64949,-82.33085,41,1873.85
6-A-OB,29.64964,-82.33082,42,1890.78
6-A-OB,29.64996,-82.33083,43,1926.38
6-A-OB,29.65018,-82.33077,44,1951.52
6-A-OB,29.65026,-82.33073,45,1961.22
6-A-OB,29.65033,-82.33078,46,1970.38
6-A-OB,29.650594,-82.330839,47,2000.28
6-A-OB,29.65683,-82.33082,48,2693.7
6-A-OB,29.65748,-82.33083,49,2765.98
6-A-OB,29.65811,-82.33087,50,2836.14
6-A-OB,29.65941,-82.33087,51,2980.69
6-A-OB,29.659585,-82.330885,52,3000.21
6-A-OB,29.65994,-82.33091,53,3039.75
6-A-OB,29.66044,-82.3309,54,3095.36
6-A-OB,29.66081,-82.33091,55,3136.51
6-A-OB,29.66181,-82.33089,56,3247.72
6-A-OB,29.668578,-82.33085,57,4000.3
6-A-OB,29.67058,-82.33084,58,4222.92
6-A-OB,29.67393,-82.33078,59,4595.46
6-A-OB,29.67395,-82.334971,60,5000.37
6-A-OB,29.67398,-82.33807,61,5299.79
6-A-OB,29.67396,-82.33834,62,5325.97
6-A-OB,29.67396,-82.33913,63,5402.3
6-A-OB,29.67408,-82.33908,64,5416.49
6-A-OB,29.67477,-82.33906,65,5493.24
6-A-OB,29.679331,-82.33902,66,6000.41
6-A-OB,29.68078,-82.33901,67,6161.54
6-A-OB,29.6809,-82.33908,68,6176.5
6-A-OB,29.68111,-82.33908,69,6199.85
6-A-OB,29.68126,-82.33907,70,6216.55
6-A-OB,29.68137,-82.33901,71,6230.09
6-A-OB,29.68155,-82.339,72,6250.13
6-A-OB,29.68612,-82.33897,73,6758.3
6-A-OB,29.688298,-82.338934,74,7000.5
6-A-OB,29.68931,-82.33892,75,7113.04
6-A-OB,29.69014,-82.33895,76,7205.38
6-A-OB,29.69253,-82.33896,77,7471.14
6-A-OB,29.697291,-82.33894,78,8000.54
6-A-OB,29.6988,-82.33894,79,8168.33
6-A-OB,29.69907,-82.339,80,8198.91
6-A-OB,29.69931,-82.3391,81,8227.29
6-A-OB,29.69952,-82.33923,82,8253.8
6-A-OB,29.69973,-82.33941,83,8282.92
6-A-OB,29.70321,-82.34347,84,8833.83
6-A-OB,29.703223,-82.345197,85,9000.64
6-A-OB,29.70324,-82.34739,86,9212.46
6-A-OB,29.70328,-82.34903,87,9370.92
6-A-OB,29.703317,-82.35555,88,10000.66
6-A-OB,29.70333,-82.35817,89,10253.72
6-A-OB,29.70332,-82.363,90,10720.22
6-A-OB,29.7034,-82.36311,91,10734.08
6-A-OB,29.70347,-82.36316,92,10743.24
6-A-OB,29.70354,-82.36316,93,10751.02
6-A-OB,29.70361,-82.36313,94,10759.32
6-A-OB,29.7046,-82.360905,95,11000.78
6-A-OB,29.70611,-82.35748,96,11371.74
6-A-OB,29.70641,-82.35687,97,11439.45
6-A-OB,29.70657,-82.35659,98,11471.82
6-A-OB,29.70675,-82.35632,99,11504.69
6-A-OB,29.70696,-82.35605,100,11539.69
6-A-OB,29.7074,-82.35554,101,11609.12
6-A-OB,29.7076,-82.35535,102,11637.95
6-A-OB,29.70789,-82.35511,103,11677.67
6-A-OB,29.7083,-82.35483,104,11730.67
6-A-OB,29.70861,-82.35538,105,11794.0
6-A-OB,29.70882,-82.35557,106,11823.69
6-A-OB,29.70897,-82.35564,107,11841.69
6-A-OB,29.70936,-82.35578,108,11887.12
6-A-OB,29.70997,-82.35598,109,11957.64
7-A-OB,29.645517,-82.322694,1,0
7-A-OB,29.645578,-82.322835,2,15.22
7-A-OB,29.6457,-82.322868,3,29.16
7-A-OB,29.645873,-82.322847,4,48.5
7-A-OB,29.64649,-82.32287,5,117.14
7-A-OB,29.64654,-82.32283,6,123.91
7-A-OB,29.64657,-82.32276,7,131.46
7-A-OB,29.64658,-82.32233,8,173.03
7-A-OB,29.64519,-82.32231,9,327.6
7-A-OB,29.64518,-82.32205,10,352.75
7-A-OB,29.64512,-82.32172,11,385.33
7-A-OB,29.64506,-82.32159,12,399.56
7-A-OB,29.64497,-82.32156,13,409.98
7-A-OB,29.64489,-82.32147,14,422.42
7-A-OB,29.64479,-82.32142,15,434.54
7-A-OB,29.64463,-82.32138,16,452.75
7-A-OB,29.64457,-82.32134,17,460.46
7-A-OB,29.64435,-82.32126,18,486.11
7-A-OB,29.64318,-82.32068,19,627.77
7-A-OB,29.640119,-82.31912,20,1000.04
7-A-OB,29.63931,-82.3187,21,1098.73
7-A-OB,29.63699,-82.31755,22,1379.62
7-A-OB,29.63576,-82.31697,23,1527.43
7-A-OB,29.63254,-82.31524,24,1922.6
7-A-OB,29.63241,-82.31513,25,1940.54
7-A-OB,29.63237,-82.31505,26,1949.46
7-A-OB,29.63233,-82.31484,27,1970.24
7-A-OB,29.632328,-82.314532,28,2000.01
7-A-OB,29.63231,-82.31364,29,2086.25
7-A-OB,29.63227,-82.31343,30,2107.03
7-A-OB,29.63221,-82.31326,31,2124.76
7-A-OB,29.63192,-82.31286,32,2175.11
7-A-OB,29.63183,-82.31259,33,2203.06
7-A-OB,29.63182,-82.31052,34,2403.13
7-A-OB,29.63184,-82.30857,35,2591.62
7-A-OB,29.63183,-82.30704,36,2739.5
7-A-OB,29.63181,-82.30676,37,2766.65
7-A-OB,29.63178,-82.30664,38,2778.72
7-A-OB,29.63169,-82.30644,39,2800.49
7-A-OB,29.63144,-82.30609,40,2844.28
7-A-OB,29.63148,-82.30592,41,2861.3
7-A-OB,29.63153,-82.30585,42,2870.05
7-A-OB,29.632702,-82.305856,43,3000.38
7-A-OB,29.641697,-82.305877,44,4000.58
7-A-OB,29.64828,-82.30586,45,4732.57
7-A-OB,29.64918,-82.30583,46,4832.69
7-A-OB,29.65069,-82.305858,47,5000.62
7-A-OB,29.65094,-82.30584,48,5028.47
7-A-OB,29.65185,-82.30583,49,5129.66
7-A-OB,29.65185,-82.2991,50,5780.01
7-A-OB,29.651832,-82.296817,51,6000.63
7-A-OB,29.65184,-82.29442,52,6232.26
7-A-OB,29.65182,-82.2934,53,6330.86
7-A-OB,29.65183,-82.29331,54,6339.62
7-A-OB,29.65124,-82.29333,55,6405.26
7-A-OB,29.65045,-82.29331,56,6493.12
7-A-OB,29.64929,-82.29333,57,6622.12
7-A-OB,29.64898,-82.29332,58,6656.61
7-A-OB,29.649,-82.29385,59,6707.87
7-A-OB,29.64906,-82.29396,60,6720.42
7-A-OB,29.64918,-82.29402,61,6734.97
7-A-OB,29.64926,-82.29408,62,6745.59
7-A-OB,29.64935,-82.2942,63,6760.91
7-A-OB,29.64937,-82.29431,64,6771.77
7-A-OB,29.64937,-82.29433,65,6773.7
7-A-OB,29.64937,-82.29435,66,6775.63
7-A-OB,29.64937,-82.29451,67,6791.1
7-A-OB,29.64937,-82.29455,68,6794.96
7-A-OB,29.64936,-82.29458,69,6798.07
7-A-OB,29.64939,-82.29459,70,6801.54
7-A-OB,29.64935,-82.29468,71,6811.31
7-A-OB,29.64933,-82.29488,72,6830.76
7-A-OB,29.64926,-82.29494,73,6840.47
7-A-OB,29.64899,-82.29493,74,6870.51
7-A-OB,29.64898,-82.29481,75,6882.16
7-A-OB,29.64902,-82.29472,76,6891.92
7-A-OB,29.6493,-82.29466,77,6923.59
7-A-OB,29.64934,-82.2946,78,6930.9
7-A-OB,29.64937,-82.2945,79,6941.12
7-A-OB,29.64937,-82.29435,80,6955.62
7-A-OB,29.64937,-82.29431,81,6959.49
7-A-OB,29.64937,-82.29429,82,6961.42
7-A-OB,29.64935,-82.2942,83,6970.4
7-A-OB,29.64926,-82.29408,84,6985.71
7-A-OB,29.649144,-82.294002,85,7000.65
7-A-OB,29.64906,-82.29396,86,7010.84
7-A-OB,29.649,-82.29385,87,7023.39
7-A-OB,29.64898,-82.29332,88,7074.65
7-A-OB,29.64868,-82.29334,89,7108.07
7-A-OB,29.64827,-82.29332,90,7153.7
7-A-OB,29.64802,-82.29333,91,7181.51
7-A-OB,29.64712,-82.29332,92,7281.59
7-A-OB,29.64689,-82.29338,93,7307.82
7-A-OB,29.64673,-82.29345,94,7326.85
7-A-OB,29.64535,-82.29435,95,7503.23
7-A-OB,29.64417,-82.29201,96,7764.68
7-A-OB,29.64406,-82.29183,97,7785.95
7-A-OB,29.643114,-82.289893,98,8000.67
7-A-OB,29.64279,-82.28923,99,8074.18
7-A-OB,29.64248,-82.28925,100,8108.71
7-A-OB,29.64013,-82.28923,101,8370.02
7-A-OB,29.639044,-82.289201,102,8490.81
7-A-OB,29.63786,-82.28921,103,8622.47
7-A-OB,29.63726,-82.28923,104,8689.21
7-A-OB,29.63663,-82.2892,105,8759.33
7-A-OB,29.63483,-82.28919,106,8959.48
7-A-OB,29.63446,-82.289203,107,9000.64
7-A-OB,29.63401,-82.28922,108,9050.71
7-A-OB,29.63263,-82.2892,109,9204.17
7-A-OB,29.63261,-82.28594,110,9519.26
7-A-OB,29.63263,-82.28173,111,9926.17
7-A-OB,29.632613,-82.280959,112,10000.71
7-A-OB,29.63261,-82.28082,113,10014.15
7-A-OB,29.63399,-82.28081,114,10167.61
7-A-OB,29.63442,-82.28079,115,10215.46
7-A-OB,29.63724,-82.28078,116,10529.03
7-A-OB,29.63752,-82.28076,117,10560.22
7-A-OB,29.63882,-82.28078,118,10704.79
7-A-OB,29.63897,-82.28077,119,10721.5
7-A-OB,29.637827,-82.278196,120,11000.85
7-A-OB,29.63527,-82.27253,121,11617.88
7-A-OB,29.63552,-82.27247,122,11646.27
7-A-OB,29.638709,-82.272468,123,12000.87
7-A-OB,29.63951,-82.27247,124,12089.94
7-A-OB,29.64019,-82.27245,125,12165.58
7-A-OB,29.64207,-82.27246,126,12374.63
7-A-OB,29.64208,-82.27156,127,12461.61
7-A-OB,29.64249,-82.2715,128,12507.57
7-A-IB,29.64249,-82.2715,1,0
7-A-IB,29.64312,-82.27142,2,70.48
7-A-IB,29.64328,-82.27143,3,88.3
7-A-IB,29.6434,-82.27153,4,104.77
7-A-IB,29.64344,-82.2717,5,121.79
7-A-IB,29.64342,-82.272,6,150.87
7-A-IB,29.64342,-82.27245,7,194.36
7-A-IB,29.64066,-82.27245,8,501.26
7-A-IB,29.63948,-82.27247,9,632.48
7-A-IB,29.636175,-82.272461,10,999.98
7-A-IB,29.63552,-82.27247,11,1072.82
7-A-IB,29.63538,-82.2725,12,1088.65
7-A-IB,29.63909,-82.28074,13,1985.54
7-A-IB,29.638964,-82.28078,14,2000.07
7-A-IB,29.63752,-82.28075,15,2160.66
7-A-IB,29.63724,-82.28076,16,2191.81
7-A-IB,29.63442,-82.28075,17,2505.38
7-A-IB,29.63384,-82.28078,18,2569.94
7-A-IB,29.63342,-82.28078,19,2616.64
7-A-IB,29.6326,-82.28081,20,2707.87
7-A-IB,29.63262,-82.28172,21,2795.85
7-A-IB,29.63262,-82.283832,22,2999.98
7-A-IB,29.63261,-82.28594,23,3203.73
7-A-IB,29.63263,-82.2892,24,3518.82
7-A-IB,29.63401,-82.28922,25,3672.28
7-A-IB,29.63499,-82.28919,26,3781.29
7-A-IB,29.63663,-82.2892,27,3963.65
7-A-IB,29.636957,-82.289215,28,4000.04
7-A-IB,29.63726,-82.28923,29,4033.77
7-A-IB,29.63902,-82.2892,30,4229.49
7-A-IB,29.64013,-82.28923,31,4352.95
7-A-IB,29.64248,-82.28925,32,4614.27
7-A-IB,29.64279,-82.28923,33,4648.79
7-A-IB,29.64289,-82.28919,34,4660.56
7-A-IB,29.64334,-82.29015,35,4765.97
7-A-IB,29.644398,-82.292244,36,5000.05
7-A-IB,29.64544,-82.29429,37,5229.22
7-A-IB,29.64673,-82.29345,38,5394.04
7-A-IB,29.64689,-82.29338,39,5413.08
7-A-IB,29.64712,-82.29332,40,5439.3
7-A-IB,29.64743,-82.29333,41,5473.78
7-A-IB,29.64827,-82.29332,42,5567.19
7-A-IB,29.64868,-82.29334,43,5612.82
7-A-IB,29.64898,-82.29332,44,5646.24
7-A-IB,29.64899,-82.2938,45,5692.64
7-A-IB,29.64934,-82.2941,46,5741.17
7-A-IB,29.64933,-82.2949,47,5818.48
7-A-IB,29.64896,-82.2949,48,5859.63
7-A-IB,29.64897,-82.2948,49,5869.35
7-A-IB,29.64904,-82.2947,50,5881.76
7-A-IB,29.64933,-82.2946,51,5915.42
7-A-IB,29.64934,-82.2941,52,5963.76
7-A-IB,29.649078,-82.293876,53,6000.05
7-A-IB,29.64899,-82.2938,54,6012.29
7-A-IB,29.64898,-82.29332,55,6058.68
7-A-IB,29.64929,-82.29333,56,6093.17
7-A-IB,29.65073,-82.29331,57,6253.3
7-A-IB,29.65124,-82.29333,58,6310.04
7-A-IB,29.65195,-82.29331,59,6389.01
7-A-IB,29.651969,-82.299633,60,7000.03
7-A-IB,29.65196,-82.30168,61,7197.84
7-A-IB,29.65198,-82.30583,62,7598.88
7-A-IB,29.64837,-82.30585,63,8000.3
7-A-IB,29.639374,-82.305878,64,9000.61
7-A-IB,29.63153,-82.30585,65,9872.83
7-A-IB,29.63148,-82.30592,66,9881.59
7-A-IB,29.63144,-82.30609,67,9898.61
7-A-IB,29.63164,-82.30636,68,9932.89
7-A-IB,29.63174,-82.30654,69,9953.54
7-A-IB,29.63181,-82.30676,70,9976.19
7-A-IB,29.631827,-82.307012,71,10000.62
7-A-IB,29.63184,-82.30857,72,10151.21
7-A-IB,29.63182,-82.31052,73,10339.69
7-A-IB,29.63183,-82.31259,74,10539.77
7-A-IB,29.63192,-82.31286,75,10567.72
7-A-IB,29.63221,-82.31326,76,10618.06
7-A-IB,29.63228,-82.31347,77,10639.8
7-A-IB,29.63231,-82.31364,78,10656.57
7-A-IB,29.63233,-82.31484,79,10772.57
7-A-IB,29.63235,-82.31498,80,10786.28
7-A-IB,29.63241,-82.31513,81,10802.24
7-A-IB,29.63254,-82.31524,82,10820.19
7-A-IB,29.634012,-82.316028,83,11000.72
7-A-IB,29.63576,-82.31697,84,11215.35
7-A-IB,29.63699,-82.31755,85,11363.16
7-A-IB,29.63887,-82.31848,86,11590.71
7-A-IB,29.642243,-82.320196,87,12000.8
7-A-IB,29.64318,-82.32068,88,12115.01
7-A-IB,29.64435,-82.32126,89,12256.67
7-A-IB,29.6445,-82.32132,90,12274.33
7-A-IB,29.64475,-82.32136,91,12302.4
7-A-IB,29.64489,-82.32135,92,12317.99
7-A-IB,29.64505,-82.32128,93,12337.03
7-A-IB,29.6451,-82.32129,94,12342.67
7-A-IB,29.64518,-82.32137,95,12354.46
7-A-IB,29.64518,-82.32167,96,12383.45
7-A-IB,29.64523,-82.3219,97,12406.36
7-A-IB,29.64526,-82.32232,98,12447.09
7-A-IB,29.64659,-82.32233,99,12594.98
7-A-IB,29.64658,-82.32259,100,12620.13
7-A-IB,29.64598,-82.32258,101,12686.85
7-A-IB,29.64561,-82.32255,102,12728.1
7-A-IB,29.64553,-82.32263,103,12739.88
7-A-IB,29.6455,-82.32273,104,12750.11
1-A-IB,29.62518,-82.38789,1,0
1-A-IB,29.62519,-82.38812,2,22.26
1-A-IB,29.62522,-82.38818,3,28.95
1-A-IB,29.62526,-82.3882,4,33.8
1-A-IB,29.6257,-82.38821,5,82.73
1-A-IB,29.62584,-82.38814,6,99.71
1-A-IB,29.62584,-82.38678,7,231.16
1-A-IB,29.62503,-82.38676,8,321.25
1-A-IB,29.62311,-82.38675,9,534.75
1-A-IB,29.62308,-82.38511,10,693.31
1-A-IB,29.62306,-82.3831,11,887.61
1-A-IB,29.62307,-82.38274,12,922.43
1-A-IB,29.62313,-82.38247,13,949.37
1-A-IB,29.623352,-82.382012,14,1000.05
1-A-IB,29.62417,-82.38064,15,1160.87
1-A-IB,29.62437,-82.38033,16,1198.18
1-A-IB,29.62483,-82.37998,17,1259.51
1-A-IB,29.62496,-82.37985,18,1278.66
1-A-IB,29.62563,-82.37939,19,1365.42
1-A-IB,29.62555,-82.37927,20,1380.04
1-A-IB,29.62548,-82.37912,21,1396.49
1-A-IB,29.62538,-82.37886,22,1423.98
1-A-IB,29.62537,-82.37879,23,1430.83
1-A-IB,29.62501,-82.37799,24,1517.91
1-A-IB,29.62488,-82.37778,25,1542.83
1-A-IB,29.62431,-82.37723,26,1625.55
1-A-IB,29.62412,-82.37702,27,1654.85
1-A-IB,29.62343,-82.37604,28,1776.75
1-A-IB,29.625003,-82.374604,29,2000.04
1-A-IB,29.62542,-82.37417,30,2062.57
1-A-IB,29.62597,-82.37356,31,2147.52
1-A-IB,29.62643,-82.373,32,2222.0
1-A-IB,29.62688,-82.37242,33,2297.14
1-A-IB,29.62738,-82.37168,34,2387.73
1-A-IB,29.62771,-82.37114,35,2451.54
1-A-IB,29.62811,-82.37043,36,2533.32
1-A-IB,29.62843,-82.36981,37,2603.01
1-A-IB,29.62882,-82.36895,38,2696.77
1-A-IB,29.62936,-82.36767,39,2834.29
1-A-IB,29.630066,-82.36616,40,3000.01
1-A-IB,29.63323,-82.35946,41,3736.99
1-A-IB,29.63379,-82.35823,42,3871.19
1-A-IB,29.63402,-82.35765,43,3932.8
1-A-IB,29.63424,-82.357009,44,3999.41
1-A-IB,29.6353,-82.35401,45,4312.31
1-A-IB,29.63666,-82.35035,46,4697.02
1-A-IB,29.637671,-82.347446,47,4999.36
1-A-IB,29.63817,-82.34599,48,5150.62
1-A-IB,29.63858,-82.34617,49,5199.42
1-A-IB,29.63876,-82.34621,50,5219.8
1-A-IB,29.63894,-82.34621,51,5239.82
1-A-IB,29.6397,-82.34612,52,5324.77
1-A-IB,29.64024,-82.34615,53,5384.89
1-A-IB,29.64043,-82.34611,54,5406.37
1-A-IB,29.6405,-82.34611,55,5414.15
1-A-IB,29.64149,-82.34624,56,5524.95
1-A-IB,29.64166,-82.34627,57,5544.07
1-A-IB,29.64189,-82.34634,58,5570.53
1-A-IB,29.64254,-82.3467,59,5650.74
1-A-IB,29.64283,-82.34682,60,5685.01
1-A-IB,29.64318,-82.34691,61,5724.89
1-A-IB,29.64365,-82.34694,62,5777.23
1-A-IB,29.64484,-82.34693,63,5909.55
1-A-IB,29.644838,-82.346007,64,5998.75
1-A-IB,29.64483,-82.34351,65,6240.07
1-A-IB,29.64594,-82.34352,66,6363.5
1-A-IB,29.64752,-82.34351,67,6539.19
1-A-IB,29.64751,-82.34301,68,6587.52
1-A-IB,29.64747,-82.34289,69,6599.94
1-A-IB,29.64742,-82.34282,70,6608.7
1-A-IB,29.64736,-82.34268,71,6623.78
1-A-IB,29.64732,-82.34248,72,6643.61
1-A-IB,29.64729,-82.33976,73,6906.49
1-A-IB,29.64731,-82.33965,74,6917.35
1-A-IB,29.64731,-82.33927,75,6954.07
1-A-IB,29.647712,-82.33927,76,6998.77
1-A-IB,29.64838,-82.33927,77,7073.05
1-A-IB,29.64845,-82.33933,78,7082.76
1-A-IB,29.6502,-82.33933,79,7277.35
1-A-IB,29.65021,-82.33734,80,7469.66
1-A-IB,29.65019,-82.33722,81,7481.46
1-A-IB,29.65014,-82.33713,82,7491.79
1-A-IB,29.65018,-82.33705,83,7500.7
1-A-IB,29.65021,-82.33693,84,7512.77
1-A-IB,29.6502,-82.33522,85,7678.02
1-A-IB,29.65018,-82.33515,86,7685.14
1-A-IB,29.65015,-82.33512,87,7689.56
1-A-IB,29.65014,-82.33504,88,7697.37
1-A-IB,29.6502,-82.33491,89,7711.6
1-A-IB,29.650224,-82.331938,90,7998.81
1-A-IB,29.65023,-82.33109,91,8080.76
1-A-IB,29.6502,-82.33094,92,8095.63
1-A-IB,29.65016,-82.33087,93,8103.73
1-A-IB,29.65016,-82.3308,94,8110.49
1-A-IB,29.65021,-82.33075,95,8117.86
1-A-IB,29.65022,-82.3307,96,8122.82
1-A-IB,29.65024,-82.32597,97,8579.91
1-A-IB,29.65023,-82.32383,98,8786.71
1-A-IB,29.65025,-82.32244,99,8921.05
1-A-IB,29.64995,-82.32244,100,8954.41
1-A-IB,29.64988,-82.32239,101,8963.57
1-A-IB,29.649563,-82.322375,102,8998.85
1-A-IB,29.64932,-82.32237,103,9025.87
1-A-IB,29.64925,-82.32242,104,9035.03
1-A-IB,29.64894,-82.32241,105,9069.52
1-A-IB,29.64882,-82.32237,106,9083.41
1-A-IB,29.64871,-82.32236,107,9095.68
1-A-IB,29.64658,-82.32233,108,9332.54
1-A-IB,29.64658,-82.32262,109,9360.57
1-A-IB,29.645812,-82.32256,110,9446.16
1-A-IB,29.645658,-82.322525,111,9463.62
1-A-IB,29.645578,-82.322577,112,9473.83
1-A-IB,29.645517,-82.322708,113,9488.2
1-A-OB,29.64555,-82.32274,1,0
1-A-OB,29.64558,-82.32285,2,11.14
1-A-OB,29.64652,-82.32286,3,115.67
1-A-OB,29.64658,-82.32275,4,128.22
1-A-OB,29.64658,-82.32234,5,167.84
1-A-OB,29.65032,-82.3224,6,583.75
1-A-OB,29.65027,-82.32396,7,734.6
1-A-OB,29.650265,-82.326706,8,999.97
1-A-OB,29.65025,-82.32971,9,1290.26
1-A-OB,29.65029,-82.32991,10,1310.09
1-A-OB,29.6503,-82.33074,11,1390.31
1-A-OB,29.65035,-82.3308,12,1398.34
1-A-OB,29.65035,-82.33088,13,1406.07
1-A-OB,29.65032,-82.33092,14,1411.18
1-A-OB,29.6503,-82.33103,15,1422.04
1-A-OB,29.65031,-82.33233,16,1547.67
1-A-OB,29.65027,-82.33496,17,1801.86
1-A-OB,29.65033,-82.33502,18,1810.7
1-A-OB,29.65033,-82.3351,19,1818.43
1-A-OB,29.65032,-82.33513,20,1821.53
1-A-OB,29.65027,-82.33517,21,1828.31
1-A-OB,29.65028,-82.336947,22,2000.03
1-A-OB,29.65028,-82.33699,23,2004.18
1-A-OB,29.65032,-82.3371,24,2015.71
1-A-OB,29.65032,-82.33717,25,2022.47
1-A-OB,29.65029,-82.33721,26,2027.58
1-A-OB,29.65028,-82.33728,27,2034.43
1-A-OB,29.6503,-82.33932,28,2231.58
1-A-OB,29.64845,-82.33933,29,2437.29
1-A-OB,29.64838,-82.33937,30,2445.99
1-A-OB,29.64731,-82.33938,31,2564.97
1-A-OB,29.64731,-82.33965,32,2591.06
1-A-OB,29.64729,-82.33976,33,2601.92
1-A-OB,29.64732,-82.34248,34,2864.8
1-A-OB,29.64736,-82.34268,35,2884.63
1-A-OB,29.64742,-82.34282,36,2899.71
1-A-OB,29.64747,-82.34289,37,2908.47
1-A-OB,29.64751,-82.34301,38,2920.89
1-A-OB,29.64752,-82.34351,39,2969.22
1-A-OB,29.647243,-82.34351,40,3000.02
1-A-OB,29.64658,-82.34352,41,3073.75
1-A-OB,29.64483,-82.34351,42,3268.35
1-A-OB,29.64484,-82.34693,43,3598.86
1-A-OB,29.64365,-82.34694,44,3731.18
1-A-OB,29.64318,-82.34691,45,3783.53
1-A-OB,29.64283,-82.34682,46,3823.4
1-A-OB,29.64254,-82.3467,47,3857.67
1-A-OB,29.64189,-82.34634,48,3937.89
1-A-OB,29.64166,-82.34627,49,3964.34
1-A-OB,29.641344,-82.34622,50,3999.81
1-A-OB,29.6405,-82.34611,51,4094.26
1-A-OB,29.64043,-82.34611,52,4102.04
1-A-OB,29.64024,-82.34615,53,4123.52
1-A-OB,29.6397,-82.34612,54,4183.63
1-A-OB,29.63894,-82.34621,55,4268.59
1-A-OB,29.63876,-82.34621,56,4288.6
1-A-OB,29.63858,-82.34617,57,4308.99
1-A-OB,29.63826,-82.34603,58,4347.06
1-A-OB,29.6369,-82.35007,59,4765.78
1-A-OB,29.636097,-82.352304,60,4999.42
1-A-OB,29.63533,-82.35442,61,5221.0
1-A-OB,29.634789,-82.355993,62,5384.5
1-A-OB,29.63404,-82.35807,63,5601.84
1-A-OB,29.63356,-82.3592,64,5723.4
1-A-OB,29.632367,-82.361706,65,5999.55
1-A-OB,29.62973,-82.36729,66,6613.78
1-A-OB,29.6294,-82.36802,67,6693.31
1-A-OB,29.62896,-82.36909,68,6807.72
1-A-OB,29.62873,-82.3696,69,6863.25
1-A-OB,29.628353,-82.370362,70,6948.0
1-A-OB,29.628106,-82.370814,71,6999.6
1-A-OB,29.62748,-82.37184,72,7120.76
1-A-OB,29.62696,-82.37262,73,7215.77
1-A-OB,29.62629,-82.37347,74,7326.68
1-A-OB,29.625931,-82.373897,75,7384.1
1-A-OB,29.62566,-82.37418,76,7424.8
1-A-OB,29.62545,-82.37443,77,7458.4
1-A-OB,29.62507,-82.37482,78,7515.03
1-A-OB,29.62401,-82.37576,79,7663.85
1-A-OB,29.62354,-82.3762,80,7731.23
1-A-OB,29.62412,-82.37702,81,7833.42
1-A-OB,29.62431,-82.37723,82,7862.71
1-A-OB,29.624893,-82.377802,83,7947.92
1-A-OB,29.62501,-82.37799,84,7970.27
1-A-OB,29.625131,-82.378259,85,7999.54
1-A-OB,29.62537,-82.37879,86,8057.34
1-A-OB,29.62541,-82.37882,87,8062.65
1-A-OB,29.62551,-82.37906,88,8088.37
1-A-OB,29.62572,-82.37945,89,8132.72
1-A-OB,29.62493,-82.37996,90,8233.45
1-A-OB,29.62483,-82.37998,91,8244.73
1-A-OB,29.62437,-82.38033,92,8306.06
1-A-OB,29.62371,-82.38136,93,8429.75
1-A-OB,29.6233,-82.3821,94,8514.57
1-A-OB,29.62314,-82.38245,95,8552.79
1-A-OB,29.6231,-82.38257,96,8565.22
1-A-OB,29.62306,-82.38292,97,8599.34
1-A-OB,29.62309,-82.38675,98,8969.57
1-A-OB,29.62336,-82.386751,99,8999.59
1-A-OB,29.62503,-82.38676,100,9185.29
1-A-OB,29.62503,-82.38704,101,9212.35
1-A-OB,29.62511,-82.38706,102,9221.45
1-A-OB,29.62518,-82.38716,103,9233.86
1-A-OB,29.62518,-82.38793,104,9308.29
11-A-IB,29.64249,-82.2715,1,0
11-A-IB,29.64208,-82.27154,2,45.75
11-A-IB,29.64207,-82.27246,3,134.67
11-A-IB,29.64485,-82.27245,4,443.8
11-A-IB,29.64607,-82.27247,5,579.47
11-A-IB,29.64695,-82.27245,6,677.34
11-A-IB,29.64822,-82.27246,7,818.56
11-A-IB,29.649852,-82.272433,8,1000.05
11-A-IB,29.65192,-82.27246,9,1230.01
11-A-IB,29.651931,-82.280428,10,1999.99
11-A-IB,29.65195,-82.290776,11,2999.96
11-A-IB,29.65195,-82.29227,12,3144.33
11-A-IB,29.65267,-82.29227,13,3224.39
11-A-IB,29.65336,-82.29229,14,3301.14
11-A-IB,29.65403,-82.29228,15,3375.64
11-A-IB,29.65921,-82.29235,16,3951.67
11-A-IB,29.65921,-82.29285,17,3999.99
11-A-IB,29.65921,-82.29985,18,4676.37
11-A-IB,29.66112,-82.29986,19,4888.76
11-A-IB,29.66155,-82.29983,20,4936.66
11-A-IB,29.66163,-82.2998,21,4946.02
11-A-IB,29.66176,-82.29978,22,4960.6
11-A-IB,29.6618,-82.2997,23,4969.52
11-A-IB,29.66186,-82.29966,24,4977.23
11-A-IB,29.66194,-82.29966,25,4986.12
11-A-IB,29.66201,-82.2997,26,4994.81
11-A-IB,29.66203,-82.299749,27,5000.04
11-A-IB,29.66205,-82.2998,28,5005.45
11-A-IB,29.66205,-82.29986,29,5011.25
11-A-IB,29.662,-82.29995,30,5021.57
11-A-IB,29.66195,-82.29998,31,5027.84
11-A-IB,29.66195,-82.30129,32,5154.42
11-A-IB,29.66196,-82.30145,33,5169.92
11-A-IB,29.66202,-82.30163,34,5188.55
11-A-IB,29.66212,-82.30178,35,5206.81
11-A-IB,29.66288,-82.30239,36,5309.84
11-A-IB,29.66297,-82.3025,37,5324.44
11-A-IB,29.66307,-82.30265,38,5342.71
11-A-IB,29.66346,-82.30341,39,5427.99
11-A-IB,29.66362,-82.30378,40,5467.93
11-A-IB,29.66066,-82.30579,41,5850.09
11-A-IB,29.6601,-82.30615,42,5921.42
11-A-IB,29.65959,-82.30645,43,5985.11
11-A-IB,29.659466,-82.306507,44,5999.95
11-A-IB,29.65931,-82.30658,45,6018.68
11-A-IB,29.6593,-82.30738,46,6095.99
11-A-IB,29.65933,-82.30981,47,6330.81
11-A-IB,29.65934,-82.31422,48,6756.94
11-A-IB,29.65935,-82.31468,49,6801.4
11-A-IB,29.65938,-82.31468,50,6804.74
11-A-IB,29.65942,-82.31472,51,6810.63
11-A-IB,29.65943,-82.31482,52,6820.36
11-A-IB,29.65941,-82.31486,53,6824.81
11-A-IB,29.65934,-82.31489,54,6833.12
11-A-IB,29.65927,-82.31485,55,6841.81
11-A-IB,29.65925,-82.31478,56,6848.93
11-A-IB,29.657891,-82.31479,57,7000.05
11-A-IB,29.65786,-82.31479,58,7003.5
11-A-IB,29.65786,-82.3147,59,7012.19
11-A-IB,29.65786,-82.31479,60,7020.89
11-A-IB,29.65568,-82.31479,61,7263.29
11-A-IB,29.65384,-82.31474,62,7467.95
11-A-IB,29.65194,-82.31474,63,7679.22
11-A-IB,29.65193,-82.31755,64,7950.76
11-A-IB,29.65198,-82.31771,65,7967.19
11-A-IB,29.651989,-82.318049,66,7999.97
11-A-IB,29.65198,-82.31932,67,8122.79
11-A-IB,29.65201,-82.32135,68,8318.99
11-A-IB,29.652,-82.32242,69,8422.39
11-A-IB,29.65029,-82.32239,70,8612.56
11-A-IB,29.64966,-82.32236,71,8682.67
11-A-IB,29.64913,-82.32238,72,8741.63
11-A-IB,29.64771,-82.32231,73,8899.68
11-A-IB,29.64713,-82.32235,74,8964.28
11-A-IB,29.646809,-82.322339,75,8999.99
11-A-IB,29.64656,-82.32233,76,9027.69
11-A-IB,29.64657,-82.3226,77,9053.81
11-A-IB,29.64595,-82.32259,78,9122.76
11-A-IB,29.64562,-82.32254,79,9159.77
11-A-IB,29.64553,-82.32261,80,9171.85
11-A-IB,29.6455,-82.32272,81,9182.99
11-A-OB,29.64556,-82.3226,1,0
11-A-OB,29.64556,-82.3228,2,19.33
11-A-OB,29.64644,-82.3228,3,117.18
11-A-OB,29.64643,-82.3225,4,146.19
11-A-OB,29.64648,-82.32233,5,163.54
11-A-OB,29.64713,-82.32235,6,235.84
11-A-OB,29.64771,-82.32231,7,300.45
11-A-OB,29.64913,-82.32238,8,458.49
11-A-OB,29.64966,-82.32236,9,517.45
11-A-OB,29.65029,-82.32239,10,587.57
11-A-OB,29.65191,-82.32241,11,767.71
11-A-OB,29.65188,-82.320006,12,1000.04
11-A-OB,29.65188,-82.31772,13,1220.95
11-A-OB,29.65193,-82.31755,14,1238.29
11-A-OB,29.65194,-82.31474,15,1509.83
11-A-OB,29.65384,-82.31474,16,1721.11
11-A-OB,29.65568,-82.31479,17,1925.76
11-A-OB,29.656348,-82.31479,18,2000.04
11-A-OB,29.65925,-82.31478,19,2322.73
11-A-OB,29.65927,-82.31471,20,2329.85
11-A-OB,29.65933,-82.31468,21,2337.12
11-A-OB,29.659294,-82.30782,22,2999.99
11-A-OB,29.65928,-82.30648,23,3129.48
11-A-OB,29.65931,-82.30645,24,3133.9
11-A-OB,29.65968,-82.30626,25,3178.95
11-A-OB,29.66005,-82.30604,26,3225.26
11-A-OB,29.66064,-82.30566,27,3300.44
11-A-OB,29.66293,-82.30412,28,3595.37
11-A-OB,29.66322,-82.30392,29,3632.96
11-A-OB,29.66337,-82.30366,30,3663.12
11-A-OB,29.66337,-82.30345,31,3683.41
11-A-OB,29.66306,-82.30284,32,3751.69
11-A-OB,29.66294,-82.30264,33,3775.17
11-A-OB,29.66278,-82.30245,34,3800.74
11-A-OB,29.66215,-82.30191,35,3888.09
11-A-OB,29.66211,-82.30189,36,3892.94
11-A-OB,29.66199,-82.30175,37,3911.94
11-A-OB,29.66189,-82.30153,38,3935.93
11-A-OB,29.66187,-82.30141,39,3947.73
11-A-OB,29.661859,-82.300869,40,4000.02
11-A-OB,29.66185,-82.29998,41,4085.93
11-A-OB,29.66179,-82.29993,42,4094.16
11-A-OB,29.66176,-82.29988,43,4100.03
11-A-OB,29.66162,-82.29987,44,4115.63
11-A-OB,29.66155,-82.29983,45,4124.32
11-A-OB,29.66112,-82.29986,46,4172.22
11-A-OB,29.65921,-82.29985,47,4384.61
11-A-OB,29.65921,-82.293481,48,5000.02
11-A-OB,29.65921,-82.29235,49,5109.31
11-A-OB,29.65403,-82.29228,50,5685.34
11-A-OB,29.65336,-82.29229,51,5759.84
11-A-OB,29.65267,-82.29227,52,5836.59
11-A-OB,29.65182,-82.29227,53,5931.11
11-A-OB,29.65182,-82.291557,54,6000.01
11-A-OB,29.65181,-82.281209,55,6999.97
11-A-OB,29.6518,-82.27246,56,7845.42
11-A-OB,29.65041,-82.272437,57,8000.0
11-A-OB,29.64916,-82.27244,58,8138.99
11-A-OB,29.64822,-82.27246,59,8243.53
11-A-OB,29.64695,-82.27245,60,8384.76
11-A-OB,29.64506,-82.27248,61,8594.93
11-A-OB,29.64342,-82.27245,62,8777.32
11-A-OB,29.64343,-82.27159,63,8860.44
11-A-OB,29.64337,-82.2715,64,8871.4
11-A-OB,29.64328,-82.27143,65,8883.48
11-A-OB,29.64312,-82.27142,66,8901.3
11-A-OB,29.64243,-82.27151,67,8978.51
8-A-OB,29.63895,-82.34405,1,0
8-A-OB,29.63826,-82.34603,2,206.17
8-A-OB,29.63858,-82.34616,3,243.9
8-A-OB,29.63879,-82.34621,4,267.75
8-A-OB,29.63894,-82.34621,5,284.43
8-A-OB,29.63977,-82.34611,6,377.22
8-A-OB,29.64028,-82.34614,7,434.01
8-A-OB,29.64048,-82.3461,8,456.58
8-A-OB,29.64148,-82.34623,9,568.48
8-A-OB,29.6417,-82.34628,10,593.42
8-A-OB,29.64196,-82.34638,11,623.9
8-A-OB,29.64268,-82.34676,12,711.98
8-A-OB,29.64288,-82.34683,13,735.23
8-A-OB,29.64337,-82.34692,14,790.4
8-A-OB,29.6436,-82.34693,15,816.0
8-A-OB,29.6448,-82.34691,16,949.44
8-A-OB,29.64482,-82.34663,17,976.6
8-A-OB,29.64484,-82.34656,18,983.72
8-A-OB,29.64484,-82.346391,19,1000.05
8-A-OB,29.64485,-82.34443,20,1189.56
8-A-OB,29.64482,-82.34351,21,1278.54
8-A-OB,29.64481,-82.34141,22,1481.48
8-A-OB,29.64479,-82.34115,23,1506.71
8-A-OB,29.64478,-82.34047,24,1572.43
8-A-OB,29.6448,-82.34011,25,1607.29
8-A-OB,29.64491,-82.33938,26,1678.89
8-A-OB,29.64491,-82.33927,27,1689.53
8-A-OB,29.647702,-82.33927,28,1999.98
8-A-OB,29.64858,-82.33928,29,2097.62
8-A-OB,29.64914,-82.33927,30,2159.89
8-A-OB,29.6492,-82.33933,31,2168.73
8-A-OB,29.65086,-82.33933,32,2353.31
8-A-OB,29.65099,-82.33928,33,2368.56
8-A-OB,29.6521,-82.33927,34,2491.99
8-A-OB,29.65304,-82.3392,35,2596.73
8-A-OB,29.65392,-82.33917,36,2694.62
8-A-OB,29.65401,-82.33923,37,2706.19
8-A-OB,29.65526,-82.33924,38,2845.19
8-A-OB,29.65614,-82.3392,39,2943.11
8-A-OB,29.65649,-82.33919,40,2982.04
8-A-OB,29.656651,-82.3392,41,2999.97
8-A-OB,29.65746,-82.33918,42,3089.95
8-A-OB,29.65754,-82.33911,43,3101.12
8-A-OB,29.65863,-82.33911,44,3222.33
8-A-OB,29.65909,-82.33913,45,3273.51
8-A-OB,29.65986,-82.33911,46,3359.16
8-A-OB,29.65995,-82.33917,47,3370.72
8-A-OB,29.665609,-82.33917,48,3999.97
8-A-OB,29.6671,-82.33915,49,4165.78
8-A-OB,29.66819,-82.33916,50,4286.98
8-A-OB,29.66843,-82.33914,51,4313.74
8-A-OB,29.67346,-82.33915,52,4873.05
8-A-OB,29.67384,-82.33914,53,4915.31
8-A-OB,29.67395,-82.33907,54,4929.29
8-A-OB,29.67397,-82.33919,55,4941.1
8-A-OB,29.673977,-82.3398,56,5000.04
8-A-OB,29.67398,-82.34094,57,5110.17
8-A-OB,29.67402,-82.341,58,5117.48
8-A-OB,29.67403,-82.34132,59,5148.42
8-A-OB,29.67405,-82.3443,60,5436.33
8-A-OB,29.67409,-82.3446,61,5465.65
8-A-OB,29.67408,-82.34471,62,5476.34
8-A-OB,29.67426,-82.34561,63,5565.56
8-A-OB,29.67435,-82.34599,64,5603.62
8-A-OB,29.67441,-82.34616,65,5621.34
8-A-OB,29.67453,-82.34642,66,5649.79
8-A-OB,29.67474,-82.34675,67,5689.3
8-A-OB,29.67486,-82.3469,68,5709.0
8-A-OB,29.67504,-82.34707,69,5734.89
8-A-OB,29.67517,-82.34717,70,5752.28
8-A-OB,29.67607,-82.34773,71,5866.04
8-A-OB,29.677101,-82.348448,72,6000.04
8-A-OB,29.67857,-82.34949,73,6191.91
8-A-OB,29.68041,-82.35083,74,6434.03
8-A-OB,29.68078,-82.35116,75,6486.07
8-A-OB,29.68106,-82.35154,76,6534.21
8-A-OB,29.68124,-82.35153,77,6554.25
8-A-OB,29.68156,-82.35155,78,6589.88
8-A-OB,29.68201,-82.35155,79,6639.92
8-A-OB,29.68306,-82.35153,80,6756.69
8-A-OB,29.685248,-82.351539,81,6999.99
8-A-OB,29.68575,-82.35153,82,7055.81
8-A-OB,29.68573,-82.34736,83,7458.65
8-A-OB,29.68698,-82.34737,84,7597.64
8-A-OB,29.68852,-82.34736,85,7768.89
8-A-OB,29.68853,-82.34812,86,7842.31
8-A-OB,29.688511,-82.349752,87,7999.97
8-A-OB,29.68852,-82.35104,88,8124.39
8-A-OB,29.6885,-82.35523,89,8529.15
8-A-OB,29.688556,-82.360104,90,9000.01
8-A-OB,29.68857,-82.36124,91,9109.76
8-A-OB,29.68859,-82.36124,92,9111.98
8-A-OB,29.68857,-82.36124,93,9114.21
8-A-OB,29.68858,-82.36311,94,9294.85
8-A-OB,29.68864,-82.36323,95,9308.22
8-A-OB,29.68865,-82.36374,96,9357.5
8-A-OB,29.68866,-82.366,97,9575.81
8-A-OB,29.68861,-82.36615,98,9591.33
8-A-OB,29.68863,-82.36846,99,9814.49
8-A-OB,29.68867,-82.36854,100,9823.4
8-A-OB,29.688671,-82.370368,101,9999.99
8-A-OB,29.6887,-82.37232,102,10188.57
8-A-OB,29.69015,-82.37231,103,10349.81
8-A-OB,29.69068,-82.37229,104,10408.77
8-A-OB,29.695997,-82.372259,105,11000.01
8-A-OB,29.69661,-82.37224,106,11068.19
8-A-OB,29.69705,-82.3722,107,11117.27
8-A-OB,29.69743,-82.37213,108,11160.06
8-A-OB,29.69793,-82.37198,109,11217.52
8-A-OB,29.69831,-82.37182,110,11262.51
8-A-OB,29.69884,-82.37154,111,11327.35
8-A-OB,29.6994,-82.37114,112,11400.63
8-A-OB,29.69969,-82.37088,113,11441.5
8-A-OB,29.69986,-82.37071,114,11466.54
8-A-OB,29.70026,-82.37026,115,11528.73
8-A-OB,29.70048,-82.36996,116,11566.65
8-A-OB,29.70078,-82.36946,117,11625.35
8-A-OB,29.70095,-82.36913,118,11662.4
8-A-OB,29.70233,-82.366017,119,11999.97
8-A-OB,29.70318,-82.36414,120,12204.42
8-A-OB,29.70332,-82.3638,121,12240.76
8-A-OB,29.70354,-82.36334,122,12291.48
8-A-OB,29.70611,-82.35747,123,12926.37
8-A-OB,29.70641,-82.35687,124,12993.23
8-A-OB,29.70646,-82.35691,125,13000.0
8-A-OB,29.70699,-82.35733,126,13071.55
8-A-OB,29.70711,-82.35747,127,13090.54
8-A-OB,29.70749,-82.35782,128,13144.66
8-A-OB,29.70773,-82.35801,129,13177.04
8-A-OB,29.70949,-82.35959,130,13425.21
8-A-OB,29.71016,-82.36017,131,13518.42
8-A-OB,29.71031,-82.36026,132,13537.22
8-A-OB,29.71042,-82.36029,133,13549.79
8-A-OB,29.71061,-82.3603,134,13570.94
8-A-OB,29.71129,-82.36028,135,13646.58
8-A-OB,29.71172,-82.3603,136,13694.43
8-A-OB,29.71282,-82.36031,137,13816.75
8-A-OB,29.71371,-82.36029,138,13915.73
8-A-OB,29.71402,-82.36031,139,13950.26
8-A-OB,29.71412,-82.3603,140,13961.42
8-A-OB,29.71431,-82.36024,141,13983.33
8-A-OB,29.714445,-82.360164,142,14000.04
8-A-OB,29.7146,-82.36004,143,14021.02
8-A-OB,29.71466,-82.35995,144,14031.98
8-A-OB,29.71469,-82.35983,145,14044.04
8-A-OB,29.71478,-82.35961,146,14067.52
8-A-OB,29.71497,-82.35904,147,14126.49
8-A-OB,29.71512,-82.35868,148,14165.05
8-A-OB,29.71518,-82.35858,149,14176.78
8-A-OB,29.71548,-82.35825,150,14222.92
8-A-OB,29.71366,-82.35613,151,14510.79
8-A-OB,29.71349,-82.35595,152,14536.48
8-A-OB,29.71311,-82.35548,153,14598.49
8-A-OB,29.71257,-82.35607,154,14681.27
8-A-OB,29.71231,-82.35626,155,14715.51
8-A-OB,29.71202,-82.35635,156,14748.91
8-A-OB,29.7114,-82.3565,157,14819.35
8-A-OB,29.71118,-82.35651,158,14843.83
8-A-OB,29.71106,-82.35649,159,14857.32
8-A-OB,29.709826,-82.356082,160,15000.08
8-A-OB,29.70901,-82.35581,161,15094.54
8-A-IB,29.70914,-82.35585,1,0
8-A-IB,29.70887,-82.35575,2,31.54
8-A-IB,29.70875,-82.35568,3,46.5
8-A-IB,29.70864,-82.3556,4,60.96
8-A-IB,29.70856,-82.35551,5,73.4
8-A-IB,29.70837,-82.35515,6,114.08
8-A-IB,29.7079,-82.35432,7,209.78
8-A-IB,29.70808,-82.3542,8,232.91
8-A-IB,29.70822,-82.3546,9,274.56
8-A-IB,29.70828,-82.35484,10,298.68
8-A-IB,29.70821,-82.35489,11,307.84
8-A-IB,29.70801,-82.35501,12,332.91
8-A-IB,29.70779,-82.35518,13,362.38
8-A-IB,29.70736,-82.35558,14,423.85
8-A-IB,29.70694,-82.35605,15,488.97
8-A-IB,29.70675,-82.3563,16,521.06
8-A-IB,29.70656,-82.35659,17,556.14
8-A-IB,29.70611,-82.35747,18,654.77
8-A-IB,29.704706,-82.360658,19,999.99
8-A-IB,29.70354,-82.36334,20,1289.66
8-A-IB,29.70332,-82.3638,21,1340.38
8-A-IB,29.70287,-82.36483,22,1451.74
8-A-IB,29.70262,-82.36535,23,1509.14
8-A-IB,29.70095,-82.36913,24,1918.75
8-A-IB,29.70078,-82.36946,25,1955.8
8-A-IB,29.700554,-82.369837,26,2000.05
8-A-IB,29.70034,-82.37015,27,2038.52
8-A-IB,29.70015,-82.37039,28,2069.88
8-A-IB,29.69976,-82.37081,29,2129.27
8-A-IB,29.6994,-82.37114,30,2180.44
8-A-IB,29.69901,-82.37143,31,2232.06
8-A-IB,29.69871,-82.37161,32,2269.68
8-A-IB,29.69815,-82.37189,33,2337.57
8-A-IB,29.69793,-82.37198,34,2363.53
8-A-IB,29.69767,-82.37206,35,2393.45
8-A-IB,29.69743,-82.37213,36,2420.98
8-A-IB,29.69705,-82.3722,37,2463.78
8-A-IB,29.69639,-82.37225,38,2537.32
8-A-IB,29.692229,-82.37228,39,3000.01
8-A-IB,29.68858,-82.37232,40,3405.78
8-A-IB,29.68857,-82.36853,41,3771.89
8-A-IB,29.68863,-82.36846,42,3781.39
8-A-IB,29.688611,-82.366197,43,4000.0
8-A-IB,29.68857,-82.36603,44,4016.77
8-A-IB,29.68854,-82.3636,45,4251.53
8-A-IB,29.68854,-82.36323,46,4287.27
8-A-IB,29.68858,-82.36311,47,4299.68
8-A-IB,29.68858,-82.36274,48,4335.42
8-A-IB,29.68851,-82.355861,49,4999.97
8-A-IB,29.68851,-82.34734,50,5823.09
8-A-IB,29.686919,-82.34735,51,6000.0
8-A-IB,29.68574,-82.34736,52,6131.1
8-A-IB,29.68571,-82.3475,53,6145.03
8-A-IB,29.68574,-82.3492,54,6309.29
8-A-IB,29.68575,-82.3515,55,6531.47
8-A-IB,29.68556,-82.35152,56,6552.69
8-A-IB,29.68481,-82.35151,57,6636.09
8-A-IB,29.68342,-82.35154,58,6790.68
8-A-IB,29.68305,-82.35152,59,6831.87
8-A-IB,29.68271,-82.35154,60,6869.72
8-A-IB,29.681538,-82.351548,61,7000.04
8-A-IB,29.68106,-82.35151,62,7053.32
8-A-IB,29.68087,-82.35125,63,7086.14
8-A-IB,29.68067,-82.35104,64,7116.25
8-A-IB,29.68017,-82.35065,65,7183.41
8-A-IB,29.67811,-82.34916,66,7453.94
8-A-IB,29.67685,-82.34827,67,7618.33
8-A-IB,29.67607,-82.34773,68,7719.54
8-A-IB,29.67517,-82.34717,69,7833.3
8-A-IB,29.67504,-82.34707,70,7850.69
8-A-IB,29.67487,-82.34691,71,7875.11
8-A-IB,29.6744,-82.3462,72,7961.34
8-A-IB,29.674307,-82.345815,73,7999.95
8-A-IB,29.67411,-82.3451,74,8072.42
8-A-IB,29.67402,-82.3444,75,8140.78
8-A-IB,29.67399,-82.3434,76,8237.45
8-A-IB,29.67396,-82.3391,77,8652.9
8-A-IB,29.67329,-82.33915,78,8727.56
8-A-IB,29.67136,-82.33914,79,8942.17
8-A-IB,29.67135,-82.3391,80,8946.19
8-A-IB,29.67136,-82.33914,81,8950.21
8-A-IB,29.670912,-82.33914,82,9000.02
8-A-IB,29.6694,-82.33915,83,9168.15
8-A-IB,29.66884,-82.33914,84,9230.43
8-A-IB,29.66842,-82.33916,85,9277.17
8-A-IB,29.6671,-82.33915,86,9423.95
8-A-IB,29.66621,-82.33917,87,9522.93
8-A-IB,29.66192,-82.33917,88,9999.96
8-A-IB,29.65979,-82.33917,89,10236.81
8-A-IB,29.65973,-82.33923,90,10245.64
8-A-IB,29.65963,-82.33924,91,10256.81
8-A-IB,29.65863,-82.33923,92,10368.0
8-A-IB,29.65754,-82.33924,93,10489.21
8-A-IB,29.65746,-82.33919,94,10499.33
8-A-IB,29.65638,-82.3392,95,10619.43
8-A-IB,29.65554,-82.33923,96,10712.88
8-A-IB,29.65525,-82.33922,97,10745.14
8-A-IB,29.65354,-82.33923,98,10935.28
8-A-IB,29.65309,-82.33926,99,10985.41
8-A-IB,29.65304,-82.33932,100,10993.44
8-A-IB,29.652981,-82.339325,101,11000.02
8-A-IB,29.65181,-82.3394,102,11130.43
8-A-IB,29.65099,-82.33939,103,11221.61
8-A-IB,29.65086,-82.33933,104,11237.19
8-A-IB,29.6492,-82.33933,105,11421.77
8-A-IB,29.64914,-82.33938,106,11430.01
8-A-IB,29.644014,-82.339387,107,11999.99
8-A-IB,29.64366,-82.33938,108,12039.36
8-A-IB,29.64246,-82.33942,109,12172.85
8-A-IB,29.64091,-82.33939,110,12345.23
8-A-IB,29.64015,-82.33936,111,12429.79
8-A-IB,29.64007,-82.33932,112,12439.49
8-A-IB,29.63965,-82.33933,113,12486.2
8-A-IB,29.63761,-82.33932,114,12713.04
8-A-IB,29.63753,-82.33935,115,12722.39
8-A-IB,29.63655,-82.33944,116,12831.71
8-A-IB,29.63654,-82.34022,117,12907.11
8-A-IB,29.6365,-82.34049,118,12933.58
8-A-IB,29.636358,-82.341158,119,13000.04
8-A-IB,29.63604,-82.34228,120,13114.1
8-A-IB,29.63577,-82.34313,121,13201.57
8-A-IB,29.63756,-82.34294,122,13401.45
8-A-IB,29.6379,-82.34297,123,13439.37
8-A-IB,29.63812,-82.34302,124,13464.3
8-A-IB,29.63842,-82.34306,125,13497.89
8-A-IB,29.63884,-82.34319,126,13546.25
8-A-IB,29.63921,-82.34333,127,13589.56
8-A-IB,29.63899,-82.34396,128,13655.17
10-A-OB,29.64556,-82.3226,1,0
10-A-OB,29.64556,-82.3228,2,19.33
10-A-OB,29.64644,-82.3228,3,117.18
10-A-OB,29.64643,-82.3225,4,146.19
10-A-OB,29.64648,-82.32233,5,163.54
10-A-OB,29.64713,-82.32235,6,235.84
10-A-OB,29.64839,-82.32235,7,375.94
10-A-OB,29.64913,-82.32238,8,458.28
10-A-OB,29.64966,-82.32236,9,517.24
10-A-OB,29.65068,-82.32241,10,630.77
10-A-OB,29.65104,-82.3224,11,670.81
10-A-OB,29.652,-82.32242,12,777.57
10-A-OB,29.652,-82.32405,13,935.09
10-A-OB,29.65195,-82.32416,14,947.08
10-A-OB,29.65196,-82.324708,15,1000.05
10-A-OB,29.65195,-82.32584,16,1109.44
10-A-OB,29.65201,-82.32726,17,1246.82
10-A-OB,29.65202,-82.33044,18,1554.12
10-A-OB,29.65206,-82.33097,19,1605.53
10-A-OB,29.65206,-82.335052,20,1999.99
10-A-OB,29.65206,-82.33907,21,2388.26
10-A-OB,29.6521,-82.33918,22,2399.78
10-A-OB,29.6521,-82.33927,23,2408.48
10-A-OB,29.65304,-82.3392,24,2513.22
10-A-OB,29.65392,-82.33917,25,2611.12
10-A-OB,29.65401,-82.33923,26,2622.68
10-A-OB,29.65525,-82.33922,27,2760.57
10-A-OB,29.65554,-82.33923,28,2792.83
10-A-OB,29.65638,-82.33919,29,2886.31
10-A-OB,29.65676,-82.3392,30,2928.58
10-A-OB,29.657402,-82.339173,31,3000.01
10-A-OB,29.65944,-82.33919,32,3226.63
10-A-OB,29.65979,-82.33917,33,3265.6
10-A-OB,29.666395,-82.339166,34,4000.04
10-A-OB,29.66672,-82.33916,35,4036.19
10-A-OB,29.66677,-82.349135,36,4999.98
10-A-OB,29.6668,-82.3543,37,5499.03
10-A-OB,29.66681,-82.359485,38,6000.0
10-A-OB,29.66682,-82.369835,39,7000.01
10-A-OB,29.66682,-82.37236,40,7243.98
10-A-OB,29.66685,-82.37265,41,7272.19
10-A-OB,29.66695,-82.3731,42,7317.07
10-A-OB,29.66721,-82.37375,43,7386.21
10-A-OB,29.66771,-82.37483,44,7504.45
10-A-OB,29.66865,-82.37679,45,7720.75
10-A-OB,29.66877,-82.37708,46,7751.78
10-A-OB,29.66891,-82.37735,47,7782.16
10-A-OB,29.669835,-82.379338,48,8000.04
10-A-OB,29.67044,-82.38063,49,8141.84
10-A-OB,29.67219,-82.38474,50,8584.05
10-A-OB,29.673958,-82.388535,51,9000.07
10-A-OB,29.67416,-82.38897,52,9047.73
10-A-OB,29.6741,-82.38909,53,9061.1
10-A-OB,29.67411,-82.398808,54,9999.98
10-A-OB,29.67411,-82.4007,55,10182.77
10-A-OB,29.67414,-82.40198,56,10306.48
10-A-OB,29.67414,-82.40282,57,10387.63
10-A-OB,29.67411,-82.40392,58,10493.96
10-A-OB,29.67411,-82.40577,59,10672.69
10-A-OB,29.674157,-82.409157,60,10999.96
10-A-OB,29.67422,-82.41354,61,11423.47
10-A-OB,29.674223,-82.419508,62,12000.05
10-A-OB,29.67408,-82.42269,63,12307.88
10-A-OB,29.67406,-82.42362,64,12397.76
10-A-OB,29.6741,-82.4248,65,12511.85
10-A-OB,29.67426,-82.42735,66,12758.85
10-A-OB,29.67428,-82.42859,67,12878.67
10-A-OB,29.67432,-82.42865,68,12885.98
10-A-OB,29.67432,-82.42983,69,12999.98
10-A-OB,29.67432,-82.43004,70,13020.27
10-A-OB,29.6748,-82.43006,71,13073.68
10-A-OB,29.67504,-82.43012,72,13100.99
10-A-OB,29.67555,-82.43029,73,13160.03
10-A-OB,29.67597,-82.43033,74,13206.89
10-A-OB,29.67783,-82.43033,75,13413.71
10-A-OB,29.67784,-82.4316,76,13536.41
10-A-OB,29.67953,-82.4316,77,13724.33
10-A-OB,29.67954,-82.4319,78,13753.33
10-A-IB,29.67953,-82.43187,1,0
10-A-IB,29.67953,-82.43199,2,11.59
10-A-IB,29.67946,-82.43207,3,22.56
10-A-IB,29.67912,-82.43209,4,60.42
10-A-IB,29.67902,-82.43205,5,72.19
10-A-IB,29.67881,-82.43179,6,106.48
10-A-IB,29.67878,-82.43175,7,111.59
10-A-IB,29.67875,-82.43162,8,124.58
10-A-IB,29.67786,-82.43161,9,223.55
10-A-IB,29.67785,-82.43033,10,347.22
10-A-IB,29.67595,-82.43033,11,558.49
10-A-IB,29.67564,-82.43031,12,593.01
10-A-IB,29.67531,-82.43022,13,630.72
10-A-IB,29.67494,-82.43009,14,673.74
10-A-IB,29.6748,-82.43006,15,689.57
10-A-IB,29.67425,-82.43003,16,750.8
10-A-IB,29.67425,-82.42865,17,884.12
10-A-IB,29.67428,-82.42859,18,890.81
10-A-IB,29.67429,-82.42809,19,939.13
10-A-IB,29.674276,-82.42746,20,1000.02
10-A-IB,29.67424,-82.42672,21,1071.62
10-A-IB,29.67417,-82.4258,22,1160.84
10-A-IB,29.67407,-82.42362,23,1371.75
10-A-IB,29.67408,-82.42297,24,1434.56
10-A-IB,29.67426,-82.41908,25,1810.91
10-A-IB,29.674242,-82.417123,26,2000.0
10-A-IB,29.67424,-82.41447,27,2256.31
10-A-IB,29.67422,-82.4132,28,2379.03
10-A-IB,29.67423,-82.41317,29,2382.13
10-A-IB,29.674134,-82.406776,30,2999.96
10-A-IB,29.67412,-82.40445,31,3224.69
10-A-IB,29.67414,-82.40184,32,3476.85
10-A-IB,29.67411,-82.4007,33,3587.04
10-A-IB,29.67411,-82.39844,34,3805.39
10-A-IB,29.67413,-82.39734,35,3911.68
10-A-IB,29.67411,-82.397,36,3944.61
10-A-IB,29.67411,-82.396427,37,3999.97
10-A-IB,29.6741,-82.39096,38,4528.15
10-A-IB,29.67412,-82.3901,39,4611.26
10-A-IB,29.67412,-82.3891,40,4707.87
10-A-IB,29.67403,-82.389,41,4721.78
10-A-IB,29.67381,-82.38848,42,4777.66
10-A-IB,29.672871,-82.386448,43,5000.02
10-A-IB,29.67229,-82.38522,44,5135.11
10-A-IB,29.67172,-82.38395,45,5273.21
10-A-IB,29.67085,-82.38191,46,5492.77
10-A-IB,29.67052,-82.3811,47,5579.2
10-A-IB,29.67013,-82.38023,48,5673.79
10-A-IB,29.66873,-82.377263,49,5999.99
10-A-IB,29.66756,-82.37476,50,6274.6
10-A-IB,29.66735,-82.37428,51,6326.52
10-A-IB,29.66696,-82.37347,52,6416.0
10-A-IB,29.66679,-82.37294,53,6470.58
10-A-IB,29.66673,-82.37261,54,6503.16
10-A-IB,29.66671,-82.37237,55,6526.45
10-A-IB,29.6667,-82.367469,56,6999.99
10-A-IB,29.66669,-82.357119,57,8000.0
10-A-IB,29.66668,-82.35291,58,8406.67
10-A-IB,29.66664,-82.346769,59,9000.03
10-A-IB,29.66665,-82.34677,60,9001.14
10-A-IB,29.66665,-82.34668,61,9009.84
10-A-IB,29.66665,-82.34596,62,9079.4
10-A-IB,29.66665,-82.34555,63,9119.02
10-A-IB,29.66665,-82.34441,64,9229.16
10-A-IB,29.66665,-82.34341,65,9325.78
10-A-IB,29.66665,-82.34328,66,9338.34
10-A-IB,29.66665,-82.3432,67,9346.07
10-A-IB,29.66665,-82.34307,68,9358.63
10-A-IB,29.66665,-82.34197,69,9464.92
10-A-IB,29.66664,-82.34132,70,9527.73
10-A-IB,29.66664,-82.34121,71,9538.36
10-A-IB,29.66664,-82.34109,72,9549.95
10-A-IB,29.66664,-82.34063,73,9594.4
10-A-IB,29.66664,-82.34043,74,9613.72
10-A-IB,29.66664,-82.34034,75,9622.42
10-A-IB,29.66664,-82.34,76,9655.27
10-A-IB,29.66664,-82.33968,77,9686.18
10-A-IB,29.66664,-82.33931,78,9721.93
10-A-IB,29.66667,-82.33916,79,9736.81
10-A-IB,29.66655,-82.33916,80,9750.15
10-A-IB,29.66636,-82.33916,81,9771.28
10-A-IB,29.66623,-82.33916,82,9785.73
10-A-IB,29.66582,-82.33916,83,9831.32
10-A-IB,29.6657,-82.33916,84,9844.66
10-A-IB,29.66552,-82.33916,85,9864.68
10-A-IB,29.66511,-82.33916,86,9910.27
10-A-IB,29.66488,-82.33916,87,9935.84
10-A-IB,29.66465,-82.33916,88,9961.42
10-A-IB,29.6645,-82.33916,89,9978.1
10-A-IB,29.66439,-82.33916,90,9990.33
10-A-IB,29.664423,-82.33916,91,9994.0
10-A-IB,29.65995,-82.33917,92,10491.38
10-A-IB,29.65986,-82.33921,93,10502.1
10-A-IB,29.65973,-82.33922,94,10516.59
10-A-IB,29.65905,-82.33921,95,10592.21
10-A-IB,29.65825,-82.33923,96,10681.19
10-A-IB,29.65755,-82.33923,97,10759.02
10-A-IB,29.65746,-82.33918,98,10770.14
10-A-IB,29.65676,-82.3392,99,10848.0
10-A-IB,29.65649,-82.33919,100,10878.03
10-A-IB,29.655448,-82.339232,101,10993.97
10-A-IB,29.65444,-82.33923,102,11106.05
10-A-IB,29.65444,-82.33936,103,11118.62
10-A-IB,29.65444,-82.33923,104,11131.18
10-A-IB,29.65401,-82.33923,105,11178.99
10-A-IB,29.65392,-82.33929,106,11190.56
10-A-IB,29.65378,-82.33928,107,11206.16
10-A-IB,29.65336,-82.33929,108,11252.87
10-A-IB,29.65202,-82.33939,109,11402.18
10-A-IB,29.65201,-82.33914,110,11426.37
10-A-IB,29.65206,-82.33907,111,11435.12
10-A-IB,29.65206,-82.3337,112,11954.04
10-A-IB,29.65196,-82.33371,113,11965.21
10-A-IB,29.65206,-82.3337,114,11976.37
10-A-IB,29.65206,-82.333518,115,11993.95
10-A-IB,29.65206,-82.33097,116,12240.18
10-A-IB,29.65202,-82.33044,117,12291.58
10-A-IB,29.65201,-82.32726,118,12598.88
10-A-IB,29.65195,-82.32584,119,12736.26
10-A-IB,29.65196,-82.32437,120,12878.32
10-A-IB,29.65195,-82.32416,121,12898.64
10-A-IB,29.65193,-82.32414,122,12901.59
10-A-IB,29.6519,-82.32403,123,12912.73
10-A-IB,29.651909,-82.323189,124,12994.0
10-A-IB,29.65191,-82.32241,125,13069.28
10-A-IB,29.65104,-82.3224,126,13166.03
10-A-IB,29.65068,-82.32241,127,13206.07
10-A-IB,29.64966,-82.32236,128,13319.59
10-A-IB,29.64913,-82.32238,129,13378.55
10-A-IB,29.64839,-82.32235,130,13460.89
10-A-IB,29.64713,-82.32235,131,13601.0
10-A-IB,29.64659,-82.32233,132,13661.07
10-A-IB,29.64658,-82.32257,133,13684.29
10-A-IB,29.64557,-82.32255,134,13796.62
10-A-IB,29.64549,-82.32271,135,13814.45
3-A-OB,29.645521,-82.322699,1,0
3-A-OB,29.645535,-82.322776,2,7.6
3-A-OB,29.645616,-82.322872,3,20.53
3-A-OB,29.645747,-82.322855,4,35.19
3-A-OB,29.646415,-82.322889,5,109.54
3-A-OB,29.64656,-82.32279,6,128.29
3-A-OB,29.64658,-82.32269,7,138.21
3-A-OB,29.64658,-82.32233,8,173.0
3-A-OB,29.64519,-82.32231,9,327.57
3-A-OB,29.64518,-82.32205,10,352.72
3-A-OB,29.64512,-82.32172,11,385.3
3-A-OB,29.64506,-82.32159,12,399.53
3-A-OB,29.645,-82.32158,13,406.27
3-A-OB,29.64494,-82.32153,14,414.51
3-A-OB,29.64492,-82.32145,15,422.55
3-A-OB,29.64492,-82.3214,16,427.38
3-A-OB,29.64496,-82.32132,17,436.3
3-A-OB,29.64501,-82.32129,18,442.57
3-A-OB,29.64507,-82.3211,19,462.11
3-A-OB,29.64524,-82.32012,20,558.68
3-A-OB,29.64532,-82.31999,21,574.08
3-A-OB,29.64549,-82.31889,22,682.05
3-A-OB,29.6456,-82.31853,23,718.93
3-A-OB,29.64567,-82.31839,24,734.54
3-A-OB,29.64571,-82.31825,25,748.78
3-A-OB,29.64572,-82.31802,26,771.03
3-A-OB,29.64568,-82.31796,27,778.34
3-A-OB,29.64568,-82.31789,28,785.11
3-A-OB,29.64574,-82.31782,29,794.61
3-A-OB,29.6458,-82.31755,30,821.54
3-A-OB,29.64579,-82.3157,31,1000.33
3-A-OB,29.64578,-82.30586,32,1951.26
3-A-OB,29.645337,-82.30586,33,2000.52
3-A-OB,29.64028,-82.30588,34,2562.83
3-A-OB,29.64027,-82.301351,35,3000.54
3-A-OB,29.64025,-82.29937,36,3192.01
3-A-OB,29.64179,-82.29936,37,3363.25
3-A-OB,29.64453,-82.2994,38,3667.95
3-A-OB,29.644522,-82.295958,39,4000.59
3-A-OB,29.64453,-82.29556,40,4039.06
3-A-OB,29.64456,-82.2954,41,4054.88
3-A-OB,29.64467,-82.29509,42,4087.24
3-A-OB,29.6448,-82.29486,43,4113.75
3-A-OB,29.64492,-82.29469,44,4134.92
3-A-OB,29.64544,-82.29429,45,4204.47
3-A-OB,29.649053,-82.301402,46,5000.57
3-A-OB,29.64931,-82.30191,47,5057.37
3-A-OB,29.6492,-82.30209,48,5078.63
3-A-OB,29.64918,-82.30264,49,5131.83
3-A-OB,29.64918,-82.30583,50,5440.1
3-A-OB,29.65055,-82.30586,51,5592.46
3-A-OB,29.65094,-82.30584,52,5635.87
3-A-OB,29.651867,-82.30583,53,5738.95
3-A-OB,29.65287,-82.30585,54,5850.5
3-A-OB,29.654221,-82.305848,55,6000.72
3-A-OB,29.65923,-82.30584,56,6557.7
3-A-OB,29.65921,-82.30528,57,6611.86
3-A-OB,29.65922,-82.3033,58,6803.18
3-A-OB,29.6592,-82.3027,59,6861.2
3-A-OB,29.65921,-82.3023,60,6899.87
3-A-OB,29.65919,-82.30196,61,6932.79
3-A-OB,29.659191,-82.301256,62,7000.82
3-A-OB,29.65922,-82.29987,63,7134.78
3-A-OB,29.66112,-82.29986,64,7346.06
3-A-OB,29.66155,-82.29983,65,7393.96
3-A-OB,29.66163,-82.2998,66,7403.31
3-A-OB,29.66176,-82.29978,67,7417.9
3-A-OB,29.6618,-82.2997,68,7426.82
3-A-OB,29.66186,-82.29966,69,7434.53
3-A-OB,29.66194,-82.29966,70,7443.42
3-A-OB,29.66201,-82.2997,71,7452.11
3-A-OB,29.66205,-82.2998,72,7462.75
3-A-OB,29.66205,-82.29986,73,7468.55
3-A-OB,29.66203,-82.29991,74,7473.86
3-A-OB,29.66195,-82.29998,75,7485.04
3-A-OB,29.66195,-82.30129,76,7611.62
3-A-OB,29.66197,-82.30149,77,7631.07
3-A-OB,29.66202,-82.30163,78,7645.69
3-A-OB,29.66212,-82.30178,79,7663.96
3-A-OB,29.66288,-82.30239,80,7766.99
3-A-OB,29.66307,-82.30265,81,7799.82
3-A-OB,29.66346,-82.30341,82,7885.1
3-A-OB,29.66376,-82.30355,83,7921.1
3-A-OB,29.664378,-82.30313,84,8000.9
3-A-OB,29.66648,-82.3017,85,8272.42
3-A-OB,29.666518,-82.30924,86,9000.94
3-A-OB,29.66655,-82.31208,87,9275.37
3-A-OB,29.66654,-82.31569,88,9624.17
3-A-OB,29.66658,-82.31827,89,9873.48
3-A-OB,29.66657,-82.31959,90,10001.03
3-A-OB,29.66659,-82.32225,91,10258.04
3-A-OB,29.66658,-82.32281,92,10312.16
3-A-OB,29.6666,-82.32386,93,10413.64
3-A-OB,29.66659,-82.32455,94,10480.31
3-A-OB,29.66659,-82.32452,95,10483.21
3-A-OB,29.66477,-82.32455,96,10685.61
3-A-OB,29.66478,-82.32578,97,10804.46
3-A-IB,29.66478,-82.3257,1,0
3-A-IB,29.66477,-82.3266,2,86.97
3-A-IB,29.66613,-82.3266,3,238.19
3-A-IB,29.6666,-82.32663,4,290.53
3-A-IB,29.666564,-82.319287,5,1000.02
3-A-IB,29.666515,-82.308937,6,2000.05
3-A-IB,29.66648,-82.30185,7,2684.8
3-A-IB,29.664038,-82.303506,8,2999.98
3-A-IB,29.66356,-82.30383,9,3061.66
3-A-IB,29.66306,-82.30284,10,3172.3
3-A-IB,29.66288,-82.30256,11,3205.96
3-A-IB,29.66278,-82.30245,12,3221.34
3-A-IB,29.66215,-82.30191,13,3308.69
3-A-IB,29.66211,-82.30189,14,3313.54
3-A-IB,29.66199,-82.30175,15,3332.54
3-A-IB,29.66189,-82.30153,16,3356.53
3-A-IB,29.66187,-82.30141,17,3368.33
3-A-IB,29.66185,-82.29998,18,3506.52
3-A-IB,29.66179,-82.29993,19,3514.76
3-A-IB,29.66176,-82.29988,20,3520.63
3-A-IB,29.66162,-82.29987,21,3536.23
3-A-IB,29.66155,-82.29983,22,3544.92
3-A-IB,29.66112,-82.29986,23,3592.82
3-A-IB,29.65922,-82.29987,24,3804.09
3-A-IB,29.65919,-82.30121,25,3933.62
3-A-IB,29.65919,-82.301897,26,4000.0
3-A-IB,29.65921,-82.3023,27,4039.0
3-A-IB,29.6592,-82.3027,28,4077.67
3-A-IB,29.65922,-82.3033,29,4135.69
3-A-IB,29.65921,-82.30528,30,4327.01
3-A-IB,29.65923,-82.30584,31,4381.17
3-A-IB,29.653664,-82.30585,32,5000.08
3-A-IB,29.6516,-82.30583,33,5229.59
3-A-IB,29.65055,-82.30586,34,5346.39
3-A-IB,29.64918,-82.30583,35,5498.75
3-A-IB,29.64917,-82.303,36,5772.23
3-A-IB,29.6492,-82.30208,37,5861.2
3-A-IB,29.64922,-82.30198,38,5871.12
3-A-IB,29.648641,-82.300821,39,6000.3
3-A-IB,29.6457,-82.29501,40,6650.15
3-A-IB,29.64535,-82.29435,41,6724.87
3-A-IB,29.64492,-82.29469,42,6782.88
3-A-IB,29.6448,-82.29486,43,6804.05
3-A-IB,29.64472,-82.29501,44,6821.06
3-A-IB,29.64456,-82.2954,45,6862.73
3-A-IB,29.64453,-82.29556,46,6878.55
3-A-IB,29.64452,-82.29578,47,6899.84
3-A-IB,29.644526,-82.29682,48,7000.35
3-A-IB,29.64453,-82.29938,49,7247.75
3-A-IB,29.64302,-82.29936,50,7415.67
3-A-IB,29.64025,-82.29937,51,7723.68
3-A-IB,29.64027,-82.302234,52,8000.48
3-A-IB,29.64028,-82.30588,53,8352.85
3-A-IB,29.64578,-82.30586,54,8964.42
3-A-IB,29.64578,-82.306235,55,9000.66
3-A-IB,29.64578,-82.31211,56,9568.42
3-A-IB,29.6458,-82.316583,57,10000.69
3-A-IB,29.6458,-82.31755,58,10094.14
3-A-IB,29.64584,-82.31778,59,10116.81
3-A-IB,29.64589,-82.31789,60,10128.81
3-A-IB,29.64589,-82.31795,61,10134.61
3-A-IB,29.64586,-82.31802,62,10142.15
3-A-IB,29.64579,-82.3181,63,10153.12
3-A-IB,29.64575,-82.31822,64,10165.54
3-A-IB,29.64571,-82.31825,65,10170.85
3-A-IB,29.64567,-82.31839,66,10185.09
3-A-IB,29.6456,-82.31853,67,10200.7
3-A-IB,29.64549,-82.31889,68,10237.58
3-A-IB,29.64534,-82.3198,69,10327.09
3-A-IB,29.64531,-82.32013,70,10359.15
3-A-IB,29.64514,-82.32113,71,10457.62
3-A-IB,29.64514,-82.32132,72,10475.99
3-A-IB,29.64518,-82.32137,73,10482.55
3-A-IB,29.64519,-82.32144,74,10489.41
3-A-IB,29.64517,-82.32151,75,10496.53
3-A-IB,29.64518,-82.32167,76,10512.03
3-A-IB,29.64523,-82.3219,77,10534.94
3-A-IB,29.64526,-82.32232,78,10575.67
3-A-IB,29.64659,-82.32233,79,10723.56
3-A-IB,29.64658,-82.32258,80,10747.75
3-A-IB,29.64577,-82.32256,81,10837.84
3-A-IB,29.64561,-82.32257,82,10855.65
3-A-IB,29.64554,-82.32263,83,10865.36
3-A-IB,29.6455,-82.32275,84,10877.78
33-A-IB,29.64862,-82.34508,1,0
33-A-IB,29.64865,-82.34495,2,13.0
33-A-IB,29.64869,-82.34489,3,20.31
33-A-IB,29.64882,-82.34476,4,39.46
33-A-IB,29.64889,-82.34474,5,47.48
33-A-IB,29.64976,-82.34473,6,144.22
33-A-IB,29.64976,-82.34351,7,262.12
33-A-IB,29.64658,-82.34352,8,615.72
33-A-IB,29.64483,-82.34351,9,810.31
33-A-IB,29.64484,-82.345473,10,1000.02
33-A-IB,29.64484,-82.34744,11,1190.11
33-A-IB,29.64488,-82.3486,12,1302.3
33-A-IB,29.64488,-82.3504,13,1476.26
33-A-IB,29.640169,-82.35047,14,2000.14
33-A-IB,29.63917,-82.35049,15,2111.24
33-A-IB,29.63871,-82.35188,16,2254.99
33-A-IB,29.63856,-82.35262,17,2328.42
33-A-IB,29.63825,-82.35524,18,2583.97
33-A-IB,29.63823,-82.35583,19,2641.04
33-A-IB,29.6382,-82.35829,20,2878.81
33-A-IB,29.63814,-82.35847,21,2897.44
33-A-IB,29.63806,-82.35862,22,2914.45
33-A-IB,29.63792,-82.35875,23,2934.46
33-A-IB,29.63765,-82.35886,24,2966.31
33-A-IB,29.637649,-82.359211,25,3000.23
33-A-IB,29.63764,-82.36508,26,3567.45
33-A-IB,29.63762,-82.36691,27,3744.33
33-A-IB,29.63764,-82.36698,28,3751.45
33-A-IB,29.6377,-82.36805,29,3855.08
33-A-IB,29.63771,-82.369554,30,4000.44
33-A-IB,29.6377,-82.3737,31,4401.14
33-A-IB,29.63773,-82.3746,32,4488.19
33-A-IB,29.63773,-82.37533,33,4558.74
33-A-IB,29.63771,-82.37548,34,4573.41
33-A-IB,29.63764,-82.3757,35,4596.05
33-A-IB,29.63745,-82.3761,36,4640.11
33-A-IB,29.63739,-82.3763,37,4660.56
33-A-IB,29.63738,-82.37684,38,4712.76
33-A-IB,29.63741,-82.379812,39,5000.01
33-A-IB,29.63742,-82.38089,40,5104.21
33-A-IB,29.63424,-82.38088,41,5457.81
33-A-IB,29.63353,-82.3809,42,5536.78
33-A-IB,29.63309,-82.38089,43,5585.71
33-A-IB,29.63299,-82.38091,44,5597.0
33-A-IB,29.63278,-82.381,45,5621.92
33-A-IB,29.63267,-82.38103,46,5634.49
33-A-IB,29.63255,-82.38104,47,5647.87
33-A-IB,29.6324,-82.38103,48,5664.58
33-A-IB,29.63218,-82.38095,49,5690.23
33-A-IB,29.63205,-82.38094,50,5704.72
33-A-IB,29.63064,-82.38094,51,5861.5
33-A-IB,29.63059,-82.38097,52,5867.77
33-A-IB,29.6305,-82.38098,53,5877.83
33-A-IB,29.63038,-82.38103,54,5892.02
33-A-IB,29.63032,-82.38112,55,5902.98
33-A-IB,29.63023,-82.38115,56,5913.4
33-A-IB,29.63014,-82.38112,57,5923.82
33-A-IB,29.63008,-82.38106,58,5932.66
33-A-IB,29.63007,-82.38103,59,5935.77
33-A-IB,29.62995,-82.38099,60,5949.66
33-A-IB,29.62976,-82.381,61,5970.81
33-A-IB,29.62951,-82.381073,62,5999.49
33-A-IB,29.62933,-82.38116,63,6021.2
33-A-IB,29.62914,-82.3813,64,6046.29
33-A-IB,29.62885,-82.38161,65,6090.31
33-A-IB,29.6287,-82.38183,66,6117.33
33-A-IB,29.62749,-82.38376,67,6347.34
33-A-IB,29.62746,-82.38387,68,6358.48
33-A-IB,29.62738,-82.38401,69,6374.67
33-A-IB,29.62604,-82.38616,70,6630.38
33-A-IB,29.62594,-82.38641,71,6656.98
33-A-IB,29.62586,-82.38678,72,6693.84
33-A-IB,29.62512,-82.38679,73,6776.13
33-A-IB,29.62503,-82.38675,74,6786.86
33-A-IB,29.62502,-82.38704,75,6814.91
33-A-IB,29.62508,-82.38705,76,6821.65
33-A-IB,29.625134,-82.387088,77,6828.69
33-A-IB,29.62516,-82.38714,78,6834.49
33-A-IB,29.62518,-82.38728,79,6848.2
33-A-IB,29.62518,-82.38797,80,6914.9
33-A-OB,29.62518,-82.38785,1,0
33-A-OB,29.62518,-82.38812,2,26.1
33-A-OB,29.6252,-82.38817,3,31.42
33-A-OB,29.62524,-82.38821,4,37.31
33-A-OB,29.62542,-82.38823,5,57.42
33-A-OB,29.62567,-82.38823,6,85.22
33-A-OB,29.62579,-82.38817,7,99.77
33-A-OB,29.62579,-82.38678,8,234.12
33-A-OB,29.62588,-82.38634,9,277.81
33-A-OB,29.62601,-82.38606,10,308.5
33-A-OB,29.62676,-82.38487,11,450.57
33-A-OB,29.62679,-82.3848,12,458.12
33-A-OB,29.62742,-82.38382,13,575.93
33-A-OB,29.62749,-82.38376,14,585.64
33-A-OB,29.62885,-82.38161,15,842.65
33-A-OB,29.62891,-82.38146,16,858.61
33-A-OB,29.62903,-82.38132,17,877.61
33-A-OB,29.62915,-82.38121,18,894.67
33-A-OB,29.62943,-82.38103,19,930.34
33-A-OB,29.62968,-82.38095,20,959.19
33-A-OB,29.62995,-82.38092,21,989.35
33-A-OB,29.630043,-82.380893,22,1000.02
33-A-OB,29.63008,-82.38087,23,1004.7
33-A-OB,29.63012,-82.38081,24,1012.0
33-A-OB,29.63022,-82.38076,25,1024.13
33-A-OB,29.63029,-82.38078,26,1032.15
33-A-OB,29.63035,-82.38082,27,1039.86
33-A-OB,29.63038,-82.38088,28,1046.55
33-A-OB,29.6305,-82.38092,29,1060.44
33-A-OB,29.63064,-82.38094,30,1076.13
33-A-OB,29.63205,-82.38094,31,1232.91
33-A-OB,29.63218,-82.38095,32,1247.4
33-A-OB,29.6324,-82.38103,33,1273.06
33-A-OB,29.63255,-82.38104,34,1289.76
33-A-OB,29.63267,-82.38103,35,1303.14
33-A-OB,29.63278,-82.381,36,1315.71
33-A-OB,29.63299,-82.38091,37,1340.63
33-A-OB,29.63309,-82.38089,38,1351.92
33-A-OB,29.63353,-82.3809,39,1400.85
33-A-OB,29.63454,-82.38088,40,1513.18
33-A-OB,29.63503,-82.38081,41,1568.08
33-A-OB,29.63545,-82.38079,42,1614.82
33-A-OB,29.63735,-82.3808,43,1826.1
33-A-OB,29.63733,-82.379,44,2000.08
33-A-OB,29.63732,-82.37658,45,2233.97
33-A-OB,29.63734,-82.37624,46,2266.9
33-A-OB,29.63738,-82.37609,47,2282.06
33-A-OB,29.63763,-82.37551,48,2344.63
33-A-OB,29.63767,-82.37537,49,2358.88
33-A-OB,29.63768,-82.37519,50,2376.31
33-A-OB,29.63767,-82.3742,51,2472.0
33-A-OB,29.63761,-82.3737,52,2520.78
33-A-OB,29.63762,-82.37059,53,2821.35
33-A-OB,29.6376,-82.3693,54,2946.05
33-A-OB,29.637614,-82.368741,55,3000.1
33-A-OB,29.63763,-82.36704,56,3164.5
33-A-OB,29.63763,-82.36629,57,3236.99
33-A-OB,29.63761,-82.36625,58,3241.45
33-A-OB,29.63763,-82.36551,59,3313.0
33-A-OB,29.63763,-82.36276,60,3578.78
33-A-OB,29.63766,-82.36271,61,3584.66
33-A-OB,29.63766,-82.36112,62,3738.32
33-A-OB,29.63764,-82.36045,63,3803.12
33-A-OB,29.63765,-82.35887,64,3955.82
33-A-OB,29.63784,-82.3588,65,3978.01
33-A-OB,29.638006,-82.358674,66,4000.12
33-A-OB,29.63806,-82.35862,67,4008.08
33-A-OB,29.63814,-82.35847,68,4025.08
33-A-OB,29.63821,-82.35822,69,4050.47
33-A-OB,29.63823,-82.35583,70,4281.47
33-A-OB,29.63825,-82.35524,71,4338.53
33-A-OB,29.63856,-82.35262,72,4594.08
33-A-OB,29.63871,-82.35188,73,4667.52
33-A-OB,29.63913,-82.3506,74,4799.75
33-A-OB,29.63917,-82.35049,75,4811.27
33-A-OB,29.63929,-82.35048,76,4824.65
33-A-OB,29.640869,-82.350464,77,5000.23
33-A-OB,29.64498,-82.3504,78,5457.4
33-A-OB,29.64584,-82.35036,79,5553.1
33-A-OB,29.64603,-82.35034,80,5574.32
33-A-OB,29.64624,-82.35024,81,5599.59
33-A-OB,29.64661,-82.34984,82,5656.04
33-A-OB,29.64672,-82.34977,83,5670.02
33-A-OB,29.64683,-82.34974,84,5682.59
33-A-OB,29.64865,-82.34973,85,5884.97
33-A-OB,29.648647,-82.348536,86,6000.35
33-A-OB,29.64862,-82.34504,87,6338.21
33-A-OB,29.64865,-82.34495,88,6347.52
38-A-OB,29.64534,-82.34689,1,0
38-A-OB,29.64515,-82.34693,2,21.48
38-A-OB,29.64419,-82.34694,3,128.23
38-A-OB,29.64365,-82.34694,4,188.27
38-A-OB,29.64318,-82.34691,5,240.62
38-A-OB,29.64283,-82.34682,6,280.49
38-A-OB,29.64268,-82.34676,7,298.15
38-A-OB,29.64254,-82.3467,8,314.77
38-A-OB,29.64189,-82.34634,9,394.98
38-A-OB,29.64166,-82.34627,10,421.43
38-A-OB,29.6405,-82.34611,11,551.34
38-A-OB,29.64043,-82.34611,12,559.13
38-A-OB,29.64024,-82.34615,13,580.61
38-A-OB,29.6397,-82.34612,14,640.72
38-A-OB,29.63894,-82.34621,15,725.68
38-A-OB,29.63876,-82.34621,16,745.69
38-A-OB,29.63858,-82.34617,17,766.08
38-A-OB,29.63826,-82.34603,18,804.14
38-A-OB,29.637623,-82.347913,19,999.43
38-A-OB,29.6369,-82.35007,20,1222.86
38-A-OB,29.63533,-82.35442,21,1678.09
38-A-OB,29.634253,-82.357505,22,1999.41
38-A-OB,29.6339,-82.35842,23,2096.16
38-A-OB,29.63356,-82.3592,24,2180.5
38-A-OB,29.63238,-82.36167,25,2452.91
38-A-OB,29.63212,-82.36154,26,2484.43
38-A-OB,29.63197,-82.36154,27,2501.11
38-A-OB,29.63144,-82.36263,28,2621.83
38-A-OB,29.629823,-82.366067,29,2999.56
38-A-OB,29.62853,-82.36884,30,3303.72
38-A-OB,29.62784,-82.37028,31,3462.65
38-A-OB,29.62756,-82.37072,32,3515.35
38-A-OB,29.62741,-82.37088,33,3538.1
38-A-OB,29.62595,-82.36983,34,3729.56
38-A-OB,29.62588,-82.36969,35,3745.17
38-A-OB,29.62581,-82.36937,36,3777.06
38-A-OB,29.62571,-82.36914,37,3801.92
38-A-OB,29.62544,-82.36894,38,3837.63
38-A-OB,29.62522,-82.36875,39,3868.22
38-A-OB,29.62532,-82.36862,40,3885.0
38-A-OB,29.62545,-82.36821,41,3927.18
38-A-OB,29.625508,-82.367472,42,3998.81
38-A-OB,29.62556,-82.36666,43,4077.51
38-A-OB,29.62552,-82.36645,44,4098.29
38-A-OB,29.62542,-82.36624,45,4121.43
38-A-OB,29.62533,-82.36614,46,4135.35
38-A-OB,29.62519,-82.36603,47,4154.2
38-A-OB,29.62505,-82.36598,48,4170.5
38-A-OB,29.6246,-82.36596,49,4220.57
38-A-OB,29.62448,-82.36604,50,4236.0
38-A-OB,29.62442,-82.36604,51,4242.67
38-A-OB,29.62434,-82.36599,52,4252.79
38-A-OB,29.62432,-82.36596,53,4256.44
38-A-OB,29.62404,-82.36591,54,4287.95
38-A-OB,29.62371,-82.36573,55,4328.56
38-A-OB,29.62352,-82.36567,56,4350.47
38-A-OB,29.62349,-82.36571,57,4355.58
38-A-OB,29.62342,-82.36572,58,4363.42
38-A-OB,29.62332,-82.3668,59,4468.41
38-A-OB,29.62214,-82.36668,60,4600.13
38-A-OB,29.62204,-82.36664,61,4611.9
38-A-OB,29.62201,-82.36654,62,4622.13
38-A-OB,29.62191,-82.36556,63,4717.51
38-A-OB,29.62192,-82.36548,64,4725.32
38-A-IB,29.621922,-82.36548,1,0
38-A-IB,29.62194,-82.36542,2,6.14
38-A-IB,29.62191,-82.3654,3,9.99
38-A-IB,29.62189,-82.36535,4,15.31
38-A-IB,29.6219,-82.36526,5,24.08
38-A-IB,29.62192,-82.36522,6,28.54
38-A-IB,29.62195,-82.3652,7,32.4
38-A-IB,29.62203,-82.36518,8,41.5
38-A-IB,29.6221,-82.36523,9,50.66
38-A-IB,29.62212,-82.36532,10,59.64
38-A-IB,29.6221,-82.36538,11,65.85
38-A-IB,29.62222,-82.36553,12,85.56
38-A-IB,29.62263,-82.36573,13,135.08
38-A-IB,29.62288,-82.36577,14,163.14
38-A-IB,29.62308,-82.36575,15,185.47
38-A-IB,29.62338,-82.36565,16,220.2
38-A-IB,29.6234,-82.36557,17,228.24
38-A-IB,29.62347,-82.36556,18,236.09
38-A-IB,29.62351,-82.36559,19,241.4
38-A-IB,29.62352,-82.36567,20,249.21
38-A-IB,29.62371,-82.36573,21,271.12
38-A-IB,29.62404,-82.36591,22,311.73
38-A-IB,29.62432,-82.36596,23,343.24
38-A-IB,29.62436,-82.36589,24,351.33
38-A-IB,29.62445,-82.36586,25,361.75
38-A-IB,29.62456,-82.36591,26,374.9
38-A-IB,29.6246,-82.36596,27,381.47
38-A-IB,29.62505,-82.36598,28,431.55
38-A-IB,29.62519,-82.36603,29,447.85
38-A-IB,29.62533,-82.36614,30,466.7
38-A-IB,29.62542,-82.36624,31,480.61
38-A-IB,29.62552,-82.36645,32,503.76
38-A-IB,29.62556,-82.36666,33,524.54
38-A-IB,29.62545,-82.36821,34,674.86
38-A-IB,29.62534,-82.36854,35,709.02
38-A-IB,29.62524,-82.3687,36,728.07
38-A-IB,29.62539,-82.36889,37,752.88
38-A-IB,29.62569,-82.36911,38,792.44
38-A-IB,29.62575,-82.36921,39,804.18
38-A-IB,29.62586,-82.36933,40,821.04
38-A-IB,29.62594,-82.36965,41,853.22
38-A-IB,29.62593,-82.36979,42,866.8
38-A-IB,29.626922,-82.370538,43,998.69
38-A-IB,29.62741,-82.37088,44,1062.23
38-A-IB,29.62688,-82.3715,45,1146.28
38-A-IB,29.62667,-82.3717,46,1176.59
38-A-IB,29.6263,-82.37199,47,1226.38
38-A-IB,29.62607,-82.3721,48,1254.07
38-A-IB,29.62602,-82.37221,49,1266.07
38-A-IB,29.62602,-82.3724,50,1284.44
38-A-IB,29.62621,-82.37239,51,1305.59
38-A-IB,29.62688,-82.37242,52,1380.14
38-A-IB,29.62717,-82.372,53,1431.99
38-A-IB,29.62771,-82.37114,54,1534.53
38-A-IB,29.62811,-82.37043,55,1616.31
38-A-IB,29.62843,-82.36981,56,1686.0
38-A-IB,29.62882,-82.36895,57,1779.76
38-A-IB,29.62928,-82.36785,58,1897.75
38-A-IB,29.629706,-82.36693,59,1998.5
38-A-IB,29.63323,-82.35946,60,2819.98
38-A-IB,29.63379,-82.35823,61,2954.18
38-A-IB,29.633955,-82.357812,62,2998.55
38-A-IB,29.63547,-82.35358,63,3440.91
38-A-IB,29.6364,-82.35108,64,3703.73
38-A-IB,29.63671,-82.3502,65,3795.5
38-A-IB,29.63679,-82.35003,66,3814.18
38-A-IB,29.637391,-82.348252,67,3998.56
38-A-IB,29.63817,-82.34599,68,4233.71
38-A-IB,29.63858,-82.34617,69,4282.51
38-A-IB,29.63876,-82.34621,70,4302.89
38-A-IB,29.63894,-82.34621,71,4322.91
38-A-IB,29.6397,-82.34612,72,4407.86
38-A-IB,29.64024,-82.34615,73,4467.98
38-A-IB,29.64043,-82.34611,74,4489.46
38-A-IB,29.6405,-82.34611,75,4497.24
38-A-IB,29.64149,-82.34624,76,4608.04
38-A-IB,29.64166,-82.34627,77,4627.16
38-A-IB,29.64189,-82.34634,78,4653.62
38-A-IB,29.64254,-82.3467,79,4733.83
38-A-IB,29.64283,-82.34682,80,4768.1
38-A-IB,29.643,-82.34687,81,4787.61
38-A-IB,29.64318,-82.34691,82,4808.0
38-A-IB,29.64365,-82.34694,83,4860.34
38-A-IB,29.64484,-82.34693,84,4992.66
38-A-IB,29.64484,-82.346991,85,4998.56
38-A-IB,29.64484,-82.34744,86,5041.95
38-A-IB,29.64488,-82.3486,87,5154.14
38-A-IB,29.64488,-82.3504,88,5328.09
38-A-IB,29.64534,-82.35039,89,5379.25
38-A-IB,29.64603,-82.35034,90,5456.13
38-A-IB,29.64619,-82.35027,91,5475.16
38-A-IB,29.64628,-82.35021,92,5486.73
38-A-IB,29.64661,-82.34984,93,5537.96
38-A-IB,29.64672,-82.34977,94,5551.94
38-A-IB,29.64683,-82.34974,95,5564.51
38-A-IB,29.64865,-82.34973,96,5766.89
38-A-IB,29.64863,-82.347333,97,5998.54
38-A-IB,29.64863,-82.34662,98,6067.44
38-A-IB,29.6486,-82.34618,99,6110.09
38-A-IB,29.6486,-82.34509,100,6215.42
38-A-IB,29.64862,-82.34501,101,6223.47
38-A-IB,29.64867,-82.34495,102,6231.5
38-A-IB,29.64865,-82.34495,103,6233.73
38-A-IB,29.64869,-82.34489,104,6241.03
38-A-IB,29.64882,-82.34476,105,6260.18
38-A-IB,29.64889,-82.34474,106,6268.2
38-A-IB,29.64976,-82.34473,107,6364.95
38-A-IB,29.64976,-82.34351,108,6482.84
38-A-IB,29.64653,-82.34352,109,6842.01
38-A-IB,29.64649,-82.34369,110,6859.03
38-A-IB,29.645897,-82.344956,111,6998.01
38-A-IB,29.64577,-82.34525,112,7029.74
38-A-IB,29.64573,-82.34542,113,7046.76
38-A-IB,29.6457,-82.34565,114,7069.23
38-A-IB,29.64569,-82.34634,115,7135.92
38-A-IB,29.64567,-82.34647,116,7148.68
38-A-IB,29.64563,-82.34659,117,7161.1
38-A-IB,29.6455,-82.34679,118,7185.24
38-A-IB,29.6454,-82.34686,119,7198.25
38-A-IB,29.64528,-82.34691,120,7212.44
38-A-IB,29.64509,-82.34693,121,7233.66
15-A-OB,29.64556,-82.3226,1,0
15-A-OB,29.64556,-82.3228,2,19.33
15-A-OB,29.64644,-82.3228,3,117.18
15-A-OB,29.64643,-82.3225,4,146.19
15-A-OB,29.64648,-82.32233,5,163.54
15-A-OB,29.64713,-82.32235,6,235.84
15-A-OB,29.64771,-82.32231,7,300.45
15-A-OB,29.64913,-82.32238,8,458.49
15-A-OB,29.64966,-82.32236,9,517.45
15-A-OB,29.65029,-82.32239,10,587.57
15-A-OB,29.652,-82.32242,11,777.73
15-A-OB,29.652,-82.32405,12,935.25
15-A-OB,29.65195,-82.32416,13,947.24
15-A-OB,29.65196,-82.324706,14,1000.01
15-A-OB,29.65196,-82.325,15,1028.42
15-A-OB,29.65268,-82.32502,16,1108.51
15-A-OB,29.65467,-82.32501,17,1329.79
15-A-OB,29.65637,-82.32503,18,1518.83
15-A-OB,29.65918,-82.32502,19,1831.29
15-A-OB,29.65959,-82.32476,20,1883.34
15-A-OB,29.6599,-82.3246,21,1921.12
15-A-OB,29.66017,-82.32454,22,1951.7
15-A-OB,29.66038,-82.32452,23,1975.13
15-A-OB,29.660604,-82.32452,24,2000.04
15-A-OB,29.66339,-82.32452,25,2309.83
15-A-OB,29.66351,-82.32449,26,2323.48
15-A-OB,29.66659,-82.32444,27,2666.0
15-A-OB,29.66658,-82.32182,28,2919.14
15-A-OB,29.667307,-82.321794,29,3000.02
15-A-OB,29.66856,-82.32176,30,3139.38
15-A-OB,29.66907,-82.32168,31,3196.62
15-A-OB,29.66939,-82.32158,32,3233.49
15-A-OB,29.66973,-82.32143,33,3273.98
15-A-OB,29.67001,-82.32128,34,3308.32
15-A-OB,29.67107,-82.32067,35,3440.1
15-A-OB,29.67169,-82.3204,36,3513.81
15-A-OB,29.67206,-82.32021,37,3558.86
15-A-OB,29.67273,-82.31982,38,3642.35
15-A-OB,29.67314,-82.31961,39,3692.25
15-A-OB,29.67332,-82.31958,40,3712.47
15-A-OB,29.67388,-82.31959,41,3774.75
15-A-OB,29.673863,-82.317259,42,3999.96
15-A-OB,29.67382,-82.31684,43,4040.72
15-A-OB,29.67379,-82.31569,44,4151.88
15-A-OB,29.67379,-82.31366,45,4348.0
15-A-OB,29.67381,-82.31303,46,4408.91
15-A-OB,29.67384,-82.31291,47,4420.97
15-A-OB,29.67382,-82.3077,48,4924.33
15-A-OB,29.67377,-82.30758,49,4937.19
15-A-OB,29.67375,-82.30693,50,5000.03
15-A-OB,29.67375,-82.30584,51,5105.33
15-A-OB,29.681796,-82.3058,52,6000.02
15-A-OB,29.68472,-82.30579,53,6325.15
15-A-OB,29.68501,-82.3058,54,6357.41
15-A-OB,29.68829,-82.30577,55,6722.14
15-A-OB,29.68842,-82.30578,56,6736.63
15-A-OB,29.68843,-82.308506,57,6999.96
15-A-OB,29.68847,-82.318858,58,7999.96
15-A-OB,29.68853,-82.3268,59,8767.17
15-A-OB,29.688574,-82.32921,60,9000.03
15-A-OB,29.6886,-82.33093,61,9166.2
15-A-OB,29.68787,-82.33084,62,9247.84
15-A-OB,29.68728,-82.33079,63,9313.62
15-A-OB,29.68724,-82.33076,64,9318.93
15-A-OB,29.68598,-82.33077,65,9459.04
15-A-OB,29.681115,-82.33076,66,10000.0
15-A-OB,29.67487,-82.33077,67,10694.41
15-A-OB,29.67479,-82.33082,68,10704.54
15-A-OB,29.67398,-82.33084,69,10794.63
15-A-OB,29.67397,-82.33186,70,10893.18
15-A-OB,29.67393,-82.33196,71,10903.81
15-A-OB,29.673931,-82.332956,72,11000.04
15-A-OB,29.67397,-82.33705,73,11395.59
15-A-OB,29.67397,-82.33762,74,11450.66
15-A-OB,29.67394,-82.33856,75,11541.54
15-A-OB,29.67395,-82.33907,76,11590.82
15-A-OB,29.67748,-82.33903,77,11983.36
15-A-OB,29.67762,-82.33904,78,11998.96
15-A-IB,29.67748,-82.33903,1,0
15-A-IB,29.67843,-82.33904,2,105.64
15-A-IB,29.68073,-82.33901,3,361.4
15-A-IB,29.68081,-82.33908,4,372.58
15-A-IB,29.68134,-82.33908,5,431.51
15-A-IB,29.68143,-82.33901,6,443.59
15-A-IB,29.68613,-82.33898,7,966.21
15-A-IB,29.686434,-82.338966,8,1000.04
15-A-IB,29.68722,-82.33893,9,1087.51
15-A-IB,29.6885,-82.33892,10,1229.85
15-A-IB,29.6885,-82.33802,11,1316.78
15-A-IB,29.68852,-82.3373,12,1386.37
15-A-IB,29.68852,-82.33377,13,1727.36
15-A-IB,29.68854,-82.33105,14,1990.12
15-A-IB,29.688495,-82.330962,15,1999.98
15-A-IB,29.68847,-82.33091,16,2005.73
15-A-IB,29.68841,-82.32763,17,2322.64
15-A-IB,29.688343,-82.320618,18,3000.03
15-A-IB,29.68831,-82.310266,19,4000.02
15-A-IB,29.68829,-82.30577,20,4434.34
15-A-IB,29.68672,-82.30579,21,4608.93
15-A-IB,29.683203,-82.3058,22,5000.0
15-A-IB,29.67421,-82.305832,23,5999.98
15-A-IB,29.67384,-82.30584,24,6041.13
15-A-IB,29.67385,-82.30757,25,6208.27
15-A-IB,29.67382,-82.3077,26,6221.27
15-A-IB,29.67382,-82.3094,27,6385.51
15-A-IB,29.67384,-82.31291,28,6724.63
15-A-IB,29.67387,-82.31302,29,6735.76
15-A-IB,29.67389,-82.315755,30,7000.01
15-A-IB,29.67389,-82.31703,31,7123.19
15-A-IB,29.67386,-82.31718,32,7138.06
15-A-IB,29.67388,-82.31959,33,7370.91
15-A-IB,29.67332,-82.31958,34,7433.18
15-A-IB,29.67314,-82.31961,35,7453.41
15-A-IB,29.67273,-82.31982,36,7503.31
15-A-IB,29.67242,-82.32001,37,7542.36
15-A-IB,29.67169,-82.3204,38,7631.85
15-A-IB,29.67107,-82.32067,39,7705.57
15-A-IB,29.66973,-82.32143,40,7871.68
15-A-IB,29.66939,-82.32158,41,7912.17
15-A-IB,29.66907,-82.32168,42,7949.04
15-A-IB,29.668616,-82.321752,43,8000.0
15-A-IB,29.66658,-82.32182,44,8226.48
15-A-IB,29.66659,-82.32452,45,8487.36
15-A-IB,29.66384,-82.32456,46,8793.17
15-A-IB,29.66351,-82.32456,47,8829.86
15-A-IB,29.66339,-82.32452,48,8843.76
15-A-IB,29.661985,-82.32452,49,8999.98
15-A-IB,29.66038,-82.32452,50,9178.45
15-A-IB,29.66017,-82.32454,51,9201.88
15-A-IB,29.6599,-82.3246,52,9232.46
15-A-IB,29.65981,-82.32464,53,9243.19
15-A-IB,29.65959,-82.32476,54,9270.26
15-A-IB,29.65918,-82.32502,55,9322.31
15-A-IB,29.65802,-82.32503,56,9451.3
15-A-IB,29.65467,-82.32501,57,9823.81
15-A-IB,29.653085,-82.32502,58,10000.06
15-A-IB,29.65196,-82.325,59,10125.17
15-A-IB,29.65195,-82.32241,60,10375.45
15-A-IB,29.65029,-82.32239,61,10560.04
15-A-IB,29.64966,-82.32236,62,10630.16
15-A-IB,29.64913,-82.32238,63,10689.12
15-A-IB,29.64771,-82.32231,64,10847.16
15-A-IB,29.64713,-82.32235,65,10911.77
15-A-IB,29.64658,-82.32233,66,10972.96
15-A-IB,29.646551,-82.3226,67,10999.25
15-A-IB,29.6456,-82.32258,68,11105.02
15-A-IB,29.64551,-82.32265,69,11117.1
15-A-IB,29.6455,-82.32273,70,11124.91
21-A-OB,29.64512,-82.34693,1,0
21-A-OB,29.64365,-82.34694,2,163.46
21-A-OB,29.64318,-82.34691,3,215.8
21-A-OB,29.64283,-82.34682,4,255.68
21-A-OB,29.64268,-82.34676,5,273.34
21-A-OB,29.64254,-82.3467,6,289.95
21-A-OB,29.64189,-82.34634,7,370.16
21-A-OB,29.64166,-82.34627,8,396.62
21-A-OB,29.6405,-82.34611,9,526.53
21-A-OB,29.64043,-82.34611,10,534.31
21-A-OB,29.64024,-82.34615,11,555.79
21-A-OB,29.63984,-82.34612,12,600.36
21-A-OB,29.63959,-82.34613,13,628.18
21-A-OB,29.63959,-82.34717,14,728.69
21-A-OB,29.63951,-82.34769,15,779.73
21-A-OB,29.6395,-82.34791,16,801.02
21-A-OB,29.63954,-82.34814,17,823.69
21-A-OB,29.63969,-82.34866,18,876.64
21-A-OB,29.63971,-82.3489,19,899.94
21-A-OB,29.63967,-82.34913,20,922.61
21-A-OB,29.639385,-82.349853,21,999.33
21-A-OB,29.63923,-82.35027,22,1043.17
21-A-OB,29.63917,-82.35049,23,1065.45
21-A-OB,29.63871,-82.35188,24,1209.2
21-A-OB,29.63856,-82.35262,25,1282.63
21-A-OB,29.63825,-82.35524,26,1538.18
21-A-OB,29.63823,-82.35583,27,1595.25
21-A-OB,29.63821,-82.35822,28,1826.24
21-A-OB,29.63816,-82.35842,29,1846.36
21-A-OB,29.63806,-82.35862,30,1868.66
21-A-OB,29.63784,-82.3588,31,1898.67
21-A-OB,29.63765,-82.35887,32,1920.86
21-A-OB,29.63764,-82.359677,33,1998.86
21-A-OB,29.63764,-82.36045,34,2073.57
21-A-OB,29.63766,-82.36112,35,2138.36
21-A-OB,29.63766,-82.36271,36,2292.03
21-A-OB,29.6377,-82.36277,37,2299.34
21-A-OB,29.6377,-82.36547,38,2560.29
21-A-OB,29.63765,-82.36626,39,2636.84
21-A-OB,29.63763,-82.36629,40,2640.49
21-A-OB,29.63763,-82.36705,41,2713.95
21-A-OB,29.63771,-82.36805,42,2811.0
21-A-OB,29.63771,-82.369993,43,2998.79
21-A-OB,29.63772,-82.37259,44,3249.78
21-A-OB,29.63428,-82.37261,45,3632.3
21-A-OB,29.6342,-82.37462,46,3826.77
21-A-OB,29.63413,-82.37585,47,3945.9
21-A-OB,29.634083,-82.376392,48,3998.55
21-A-OB,29.634,-82.37834,49,4187.05
21-A-OB,29.63399,-82.37951,50,4300.14
21-A-OB,29.63401,-82.38089,51,4433.53
21-A-OB,29.63318,-82.38092,52,4525.87
21-A-OB,29.63294,-82.38097,53,4552.99
21-A-OB,29.63272,-82.38104,54,4578.37
21-A-OB,29.63253,-82.38107,55,4599.7
21-A-OB,29.63238,-82.38104,56,4616.63
21-A-OB,29.63216,-82.38096,57,4642.28
21-A-OB,29.63192,-82.38093,58,4669.13
21-A-OB,29.6307,-82.38096,59,4804.82
21-A-OB,29.63039,-82.38102,60,4839.77
21-A-OB,29.63035,-82.3811,61,4848.69
21-A-OB,29.63029,-82.38115,62,4856.93
21-A-OB,29.630286,-82.382616,63,4998.63
21-A-OB,29.630282,-82.38379,64,5112.1
21-A-OB,29.63032,-82.38897,65,5612.79
21-A-OB,29.631,-82.38919,66,5691.33
21-A-OB,29.63151,-82.38929,67,5748.86
21-A-OB,29.63274,-82.38928,68,5885.63
21-A-OB,29.63285,-82.38929,69,5897.9
21-A-OB,29.6329,-82.38931,70,5903.79
21-A-OB,29.633753,-82.389306,71,5998.64
21-A-OB,29.63591,-82.38929,72,6238.49
21-A-OB,29.63625,-82.38924,73,6276.6
21-A-OB,29.63588,-82.38863,74,6348.5
21-A-OB,29.6355,-82.38794,75,6427.44
21-A-IB,29.63563,-82.38819,1,0
21-A-IB,29.63515,-82.38721,2,108.72
21-A-IB,29.63482,-82.38644,3,191.69
21-A-IB,29.63468,-82.38606,4,231.58
21-A-IB,29.6345,-82.38547,5,292.02
21-A-IB,29.63436,-82.38488,6,351.13
21-A-IB,29.63419,-82.38406,7,432.61
21-A-IB,29.63406,-82.38307,8,529.38
21-A-IB,29.63401,-82.38204,9,629.08
21-A-IB,29.63399,-82.3798,10,845.59
21-A-IB,29.634014,-82.378204,11,999.87
21-A-IB,29.63425,-82.37245,12,1556.62
21-A-IB,29.63761,-82.37243,13,1930.24
21-A-IB,29.637615,-82.371711,14,1999.73
21-A-IB,29.63762,-82.37059,15,2108.07
21-A-IB,29.6376,-82.3693,16,2232.76
21-A-IB,29.63762,-82.36853,17,2307.22
21-A-IB,29.63763,-82.36629,18,2523.71
21-A-IB,29.63761,-82.36625,19,2528.17
21-A-IB,29.63763,-82.36551,20,2599.72
21-A-IB,29.63763,-82.36276,21,2865.5
21-A-IB,29.63766,-82.36271,22,2871.38
21-A-IB,29.63766,-82.361382,23,2999.72
21-A-IB,29.63764,-82.36045,24,3089.83
21-A-IB,29.63765,-82.35887,25,3242.53
21-A-IB,29.63784,-82.3588,26,3264.72
21-A-IB,29.63806,-82.35862,27,3294.73
21-A-IB,29.63814,-82.35847,28,3311.74
21-A-IB,29.6382,-82.35829,29,3330.37
21-A-IB,29.63823,-82.35583,30,3568.15
21-A-IB,29.63827,-82.35501,31,3647.52
21-A-IB,29.63856,-82.35262,32,3880.75
21-A-IB,29.63868,-82.352,33,3942.14
21-A-IB,29.638847,-82.351441,34,3999.27
21-A-IB,29.63917,-82.35049,35,4097.94
21-A-IB,29.63931,-82.35003,36,4145.05
21-A-IB,29.63969,-82.34906,37,4247.88
21-A-IB,29.63971,-82.3489,38,4263.5
21-A-IB,29.63969,-82.34866,39,4286.8
21-A-IB,29.63954,-82.34814,40,4339.75
21-A-IB,29.6395,-82.34791,41,4362.42
21-A-IB,29.63951,-82.34769,42,4383.71
21-A-IB,29.63959,-82.34717,43,4434.75
21-A-IB,29.63959,-82.34613,44,4535.26
21-A-IB,29.63984,-82.34612,45,4563.08
21-A-IB,29.64024,-82.34615,46,4607.65
21-A-IB,29.64043,-82.34611,47,4629.13
21-A-IB,29.6405,-82.34611,48,4636.91
21-A-IB,29.64166,-82.34627,49,4766.82
21-A-IB,29.64189,-82.34634,50,4793.27
21-A-IB,29.6422,-82.3465,51,4831.05
21-A-IB,29.64254,-82.3467,52,4873.51
21-A-IB,29.64283,-82.34682,53,4907.78
21-A-IB,29.64318,-82.34691,54,4947.66
21-A-IB,29.643638,-82.346939,55,4998.66
21-A-IB,29.64484,-82.34693,56,5132.32
21-A-IB,29.64483,-82.34351,57,5462.84
21-A-IB,29.64653,-82.34351,58,5651.87
21-A-IB,29.64653,-82.34358,59,5658.63
21-A-IB,29.64651,-82.34364,60,5664.84
21-A-IB,29.64591,-82.34493,61,5806.24
21-A-IB,29.64578,-82.34527,62,5842.13
21-A-IB,29.6457,-82.34562,63,5877.11
21-A-IB,29.64568,-82.34635,64,5947.69
21-A-IB,29.64562,-82.34659,65,5971.82
21-A-IB,29.645496,-82.346769,66,5993.94
21-A-IB,29.64538,-82.34686,67,6009.56
21-A-IB,29.64522,-82.34691,68,6027.99
21-A-IB,29.64515,-82.34692,69,6035.83
21-A-IB,29.64505,-82.34691,70,6047.0
37-A-IB,29.62518,-82.38792,1,0
37-A-IB,29.62519,-82.38812,2,19.36
37-A-IB,29.62522,-82.38818,3,26.05
37-A-IB,29.62526,-82.3882,4,30.9
37-A-IB,29.6257,-82.38821,5,79.84
37-A-IB,29.62584,-82.38814,6,96.81
37-A-IB,29.62584,-82.38678,7,228.27
37-A-IB,29.62503,-82.38676,8,318.36
37-A-IB,29.62311,-82.38675,9,531.85
37-A-IB,29.62306,-82.38294,10,900.18
37-A-IB,29.62307,-82.38274,11,919.54
37-A-IB,29.6231,-82.3826,12,933.48
37-A-IB,29.62313,-82.38247,13,946.48
37-A-IB,29.62319,-82.38236,14,959.03
37-A-IB,29.622899,-82.382101,15,999.94
37-A-IB,29.62273,-82.38195,16,1023.74
37-A-IB,29.62239,-82.3816,17,1074.47
37-A-IB,29.62202,-82.38136,18,1121.7
37-A-IB,29.62151,-82.38096,19,1190.34
37-A-IB,29.62084,-82.38048,20,1278.11
37-A-IB,29.62023,-82.37997,21,1361.96
37-A-IB,29.62003,-82.37984,22,1387.5
37-A-IB,29.61986,-82.37969,23,1411.33
37-A-IB,29.61951,-82.37931,24,1464.84
37-A-IB,29.61947,-82.37929,25,1469.69
37-A-IB,29.61945,-82.37924,26,1475.01
37-A-IB,29.61937,-82.37917,27,1486.19
37-A-IB,29.61812,-82.37823,28,1652.25
37-A-IB,29.618,-82.37813,29,1668.73
37-A-IB,29.61784,-82.37796,30,1692.94
37-A-IB,29.61762,-82.37764,31,1732.38
37-A-IB,29.61757,-82.37754,32,1743.53
37-A-IB,29.61739,-82.37704,33,1795.85
37-A-IB,29.61735,-82.3766,34,1838.61
37-A-IB,29.61731,-82.37636,35,1862.23
37-A-IB,29.61742,-82.37549,36,1947.22
37-A-IB,29.61746,-82.37526,37,1969.89
37-A-IB,29.617552,-82.374967,38,2000.01
37-A-IB,29.61782,-82.37411,39,2088.05
37-A-IB,29.61787,-82.37383,40,2115.68
37-A-IB,29.61802,-82.37238,41,2256.83
37-A-IB,29.62121,-82.37272,42,2613.07
37-A-IB,29.62172,-82.37273,43,2669.78
37-A-IB,29.62176,-82.37155,44,2783.93
37-A-IB,29.62171,-82.37088,45,2848.93
37-A-IB,29.62162,-82.3704,46,2896.4
37-A-IB,29.62156,-82.37019,47,2917.77
37-A-IB,29.62131,-82.36946,48,2993.61
37-A-IB,29.621271,-82.36941,49,3000.1
37-A-IB,29.62036,-82.36693,50,3260.35
37-A-IB,29.62036,-82.36686,51,3267.12
37-A-IB,29.61993,-82.36567,52,3391.69
37-A-IB,29.61981,-82.36528,53,3431.68
37-A-IB,29.61969,-82.36473,54,3486.49
37-A-IB,29.61964,-82.36407,55,3550.54
37-A-IB,29.61965,-82.36368,56,3588.25
37-A-IB,29.61984,-82.36138,57,3811.58
37-A-IB,29.619977,-82.359436,58,4000.11
37-A-IB,29.62024,-82.35614,59,4320.06
37-A-IB,29.62022,-82.35586,60,4347.21
37-A-IB,29.62017,-82.35581,61,4354.58
37-A-IB,29.62017,-82.35572,62,4363.28
37-A-IB,29.6202,-82.35567,63,4369.15
37-A-IB,29.62024,-82.35565,64,4374.0
37-A-IB,29.62029,-82.35565,65,4379.56
37-A-IB,29.62036,-82.35572,66,4389.88
37-A-IB,29.62073,-82.35576,67,4431.2
37-A-IB,29.62076,-82.35577,68,4434.67
37-A-IB,29.62079,-82.35581,69,4439.78
37-A-IB,29.62114,-82.35585,70,4478.89
37-A-IB,29.62521,-82.35622,71,4932.86
37-A-IB,29.62536,-82.35625,72,4949.79
37-A-IB,29.625792,-82.356403,73,5000.05
37-A-IB,29.62611,-82.35657,74,5038.92
37-A-IB,29.62639,-82.35676,75,5075.07
37-A-IB,29.62666,-82.357,76,5113.01
37-A-IB,29.62701,-82.35742,77,5169.25
37-A-IB,29.62724,-82.35781,78,5214.8
37-A-IB,29.62826,-82.35994,79,5449.86
37-A-IB,29.62846,-82.3603,80,5491.15
37-A-IB,29.6287,-82.36062,81,5532.0
37-A-IB,29.62905,-82.36096,82,5582.94
37-A-IB,29.62925,-82.36111,83,5609.49
37-A-IB,29.62972,-82.36136,84,5667.07
37-A-IB,29.63008,-82.36147,85,5708.48
37-A-IB,29.6304,-82.36151,86,5744.28
37-A-IB,29.63071,-82.36151,87,5778.75
37-A-IB,29.63111,-82.36144,88,5823.74
37-A-IB,29.63115,-82.36138,89,5831.04
37-A-IB,29.63126,-82.36131,90,5845.02
37-A-IB,29.63139,-82.36125,91,5860.6
37-A-IB,29.63152,-82.36123,92,5875.18
37-A-IB,29.63172,-82.36124,93,5897.44
37-A-IB,29.63184,-82.36127,94,5911.1
37-A-IB,29.63228,-82.36148,95,5964.07
37-A-IB,29.632433,-82.361151,96,6000.13
37-A-IB,29.63323,-82.35946,97,6186.05
37-A-IB,29.63379,-82.35823,98,6320.25
37-A-IB,29.63402,-82.35765,99,6381.87
37-A-IB,29.63504,-82.35477,100,6682.44
37-A-IB,29.636151,-82.351741,101,7000.19
37-A-IB,29.63688,-82.34973,102,7210.78
37-A-IB,29.63816,-82.34599,103,7599.25
37-A-IB,29.63858,-82.34616,104,7648.76
37-A-IB,29.63879,-82.34621,105,7672.6
37-A-IB,29.63905,-82.3462,106,7701.53
37-A-IB,29.63977,-82.34611,107,7782.06
37-A-IB,29.64028,-82.34614,108,7838.84
37-A-IB,29.64048,-82.3461,109,7861.42
37-A-IB,29.64148,-82.34623,110,7973.32
37-A-IB,29.641717,-82.346286,111,8000.22
37-A-IB,29.64196,-82.34638,112,8028.73
37-A-IB,29.64268,-82.34676,113,8116.81
37-A-IB,29.64288,-82.34683,114,8140.06
37-A-IB,29.64316,-82.34689,115,8171.73
37-A-IB,29.64337,-82.34692,116,8195.26
37-A-IB,29.6436,-82.34693,117,8220.85
37-A-IB,29.6448,-82.34691,118,8354.3
37-A-IB,29.64482,-82.34663,119,8381.45
37-A-IB,29.64484,-82.34656,120,8388.57
37-A-IB,29.64485,-82.34443,121,8594.42
37-A-IB,29.64482,-82.34351,122,8683.39
37-A-IB,29.64653,-82.34351,123,8873.53
37-A-IB,29.64653,-82.34358,124,8880.3
37-A-IB,29.64651,-82.34364,125,8886.51
37-A-IB,29.646027,-82.344677,126,9000.2
37-A-IB,29.64591,-82.34493,127,9027.9
37-A-IB,29.64578,-82.34527,128,9063.8
37-A-IB,29.64573,-82.34545,129,9082.06
37-A-IB,29.64569,-82.34576,130,9112.35
37-A-IB,29.64568,-82.34635,131,9169.37
37-A-IB,29.64562,-82.34659,132,9193.51
37-A-IB,29.64552,-82.34675,133,9212.55
37-A-IB,29.64538,-82.34686,134,9231.4
37-A-IB,29.64522,-82.34691,135,9249.84
37-A-IB,29.64515,-82.34692,136,9257.68
37-A-IB,29.64505,-82.34691,137,9268.84
37-A-OB,29.64512,-82.34692,1,0
37-A-OB,29.64506,-82.34691,2,6.74
37-A-OB,29.6436,-82.34693,3,169.1
37-A-OB,29.64337,-82.34692,4,194.69
37-A-OB,29.64288,-82.34683,5,249.87
37-A-OB,29.64268,-82.34676,6,273.11
37-A-OB,29.64196,-82.34638,7,361.19
37-A-OB,29.6417,-82.34628,8,391.68
37-A-OB,29.64148,-82.34623,9,416.61
37-A-OB,29.64048,-82.3461,10,528.51
37-A-OB,29.64028,-82.34614,11,551.09
37-A-OB,29.63977,-82.34611,12,607.87
37-A-OB,29.63905,-82.3462,13,688.4
37-A-OB,29.63879,-82.34621,14,717.33
37-A-OB,29.63858,-82.34616,15,741.17
37-A-OB,29.63826,-82.34603,16,778.91
37-A-OB,29.637534,-82.34816,17,1000.03
37-A-OB,29.63695,-82.34994,18,1183.91
37-A-OB,29.63659,-82.35097,19,1291.21
37-A-OB,29.63546,-82.35406,20,1615.21
37-A-OB,29.63472,-82.3562,21,1837.8
37-A-OB,29.63416,-82.35775,22,2000.04
37-A-OB,29.6339,-82.35842,23,2070.96
37-A-OB,29.63356,-82.3592,24,2155.29
37-A-OB,29.63238,-82.36171,25,2431.1
37-A-OB,29.63211,-82.36157,26,2464.03
37-A-OB,29.63188,-82.36142,27,2493.43
37-A-OB,29.63169,-82.36135,28,2515.61
37-A-OB,29.63157,-82.36134,29,2528.99
37-A-OB,29.63141,-82.36136,30,2546.89
37-A-OB,29.6312,-82.36143,31,2571.2
37-A-OB,29.63081,-82.3615,32,2615.09
37-A-OB,29.6304,-82.36151,33,2660.69
37-A-OB,29.63018,-82.36149,34,2685.23
37-A-OB,29.62993,-82.36143,35,2713.62
37-A-OB,29.62972,-82.36136,36,2737.94
37-A-OB,29.62938,-82.36119,37,2779.16
37-A-OB,29.62905,-82.36096,38,2822.06
37-A-OB,29.6287,-82.36062,39,2873.0
37-A-OB,29.62846,-82.3603,40,2913.85
37-A-OB,29.62826,-82.35994,41,2955.15
37-A-OB,29.628069,-82.359531,42,3000.02
37-A-OB,29.62724,-82.35781,43,3190.2
37-A-OB,29.62706,-82.35749,44,3227.04
37-A-OB,29.62678,-82.35713,45,3273.74
37-A-OB,29.62652,-82.35687,46,3312.04
37-A-OB,29.6263,-82.35669,47,3342.06
37-A-OB,29.62592,-82.35646,48,3389.81
37-A-OB,29.62572,-82.35637,49,3413.69
37-A-OB,29.62536,-82.35625,50,3455.36
37-A-OB,29.62504,-82.3562,51,3491.27
37-A-OB,29.62079,-82.35581,52,3965.35
37-A-OB,29.62072,-82.35585,53,3974.04
37-A-OB,29.620487,-82.35583,54,4000.02
37-A-OB,29.62034,-82.35583,55,4016.37
37-A-OB,29.62034,-82.35585,56,4018.3
37-A-OB,29.62031,-82.35587,57,4022.16
37-A-OB,29.62027,-82.35611,58,4045.78
37-A-OB,29.62024,-82.35614,59,4050.2
37-A-OB,29.61965,-82.36368,60,4782.0
37-A-OB,29.61964,-82.36407,61,4819.71
37-A-OB,29.61969,-82.36473,62,4883.75
37-A-OB,29.61981,-82.36528,63,4938.57
37-A-OB,29.620003,-82.365876,64,5000.05
37-A-OB,29.62036,-82.36686,65,5103.11
37-A-OB,29.62041,-82.36691,66,5110.48
37-A-OB,29.62088,-82.36816,67,5242.13
37-A-OB,29.62131,-82.3694,68,5371.18
37-A-OB,29.62131,-82.36946,69,5376.98
37-A-OB,29.62141,-82.36972,70,5404.46
37-A-OB,29.62162,-82.3704,71,5474.21
37-A-OB,29.62171,-82.37088,72,5521.68
37-A-OB,29.62176,-82.37155,73,5586.68
37-A-OB,29.62171,-82.37292,74,5719.22
37-A-OB,29.62121,-82.37289,75,5774.9
37-A-OB,29.619193,-82.372686,76,6000.04
37-A-OB,29.61801,-82.37256,77,6132.15
37-A-OB,29.61787,-82.37383,78,6255.9
37-A-OB,29.61782,-82.37411,79,6283.53
37-A-OB,29.61746,-82.37526,80,6401.68
37-A-OB,29.61742,-82.37549,81,6424.36
37-A-OB,29.61738,-82.37584,82,6458.48
37-A-OB,29.61734,-82.37644,83,6516.65
37-A-OB,29.61739,-82.37699,84,6570.11
37-A-OB,29.61744,-82.37722,85,6593.03
37-A-OB,29.61752,-82.37744,86,6616.08
37-A-OB,29.61762,-82.37764,87,6638.38
37-A-OB,29.61789,-82.37802,88,6685.82
37-A-OB,29.61812,-82.37823,89,6718.48
37-A-OB,29.61945,-82.37924,90,6895.69
37-A-OB,29.61953,-82.37927,91,6905.04
37-A-OB,29.61991,-82.37961,92,6958.57
37-A-OB,29.620221,-82.379846,93,7000.0
37-A-OB,29.62045,-82.38,94,7029.5
37-A-OB,29.62076,-82.38026,95,7072.16
37-A-OB,29.62235,-82.38143,96,7282.03
37-A-OB,29.62253,-82.38153,97,7304.26
37-A-OB,29.62284,-82.38178,98,7346.36
37-A-OB,29.6233,-82.3821,99,7406.13
37-A-OB,29.62313,-82.38247,100,7446.59
37-A-OB,29.62307,-82.38274,101,7473.52
37-A-OB,29.62306,-82.38294,102,7492.89
37-A-OB,29.62311,-82.38675,103,7861.21
37-A-OB,29.624358,-82.38676,104,7999.98
37-A-OB,29.62503,-82.38676,105,8074.71
37-A-OB,29.62503,-82.38704,106,8101.77
37-A-OB,29.62505,-82.38703,107,8104.2
37-A-OB,29.6251,-82.38705,108,8110.08
37-A-OB,29.62518,-82.38715,109,8123.22
37-A-OB,29.62518,-82.38793,110,8198.61
17-A-OB,29.64485,-82.34016,1,0
17-A-OB,29.64485,-82.34097,2,78.28
17-A-OB,29.64481,-82.34115,3,96.23
17-A-OB,29.64483,-82.34351,4,324.32
17-A-OB,29.64335,-82.34351,5,488.88
17-A-OB,29.64243,-82.34365,6,592.07
17-A-OB,29.64176,-82.34377,7,667.47
17-A-OB,29.64168,-82.34377,8,676.37
17-A-OB,29.6416,-82.34374,9,685.72
17-A-OB,29.64138,-82.34355,10,716.31
17-A-OB,29.64109,-82.3434,11,751.67
17-A-OB,29.64137,-82.34273,12,823.51
17-A-OB,29.639933,-82.341954,13,1000.03
17-A-OB,29.63974,-82.34184,14,1024.15
17-A-OB,29.63921,-82.34334,15,1180.64
17-A-OB,29.63903,-82.34326,16,1202.1
17-A-OB,29.63882,-82.34319,17,1226.41
17-A-OB,29.63841,-82.34308,18,1273.22
17-A-OB,29.63762,-82.34296,19,1361.83
17-A-OB,29.63739,-82.34297,20,1387.42
17-A-OB,29.63563,-82.34318,21,1584.17
17-A-OB,29.63625,-82.34115,22,1792.13
17-A-OB,29.63638,-82.34044,23,1862.26
17-A-OB,29.63639,-82.33953,24,1950.21
17-A-OB,29.63646,-82.33935,25,1969.27
17-A-OB,29.63645,-82.339032,26,2000.03
17-A-OB,29.63645,-82.33799,27,2100.73
17-A-OB,29.63647,-82.33742,28,2155.87
17-A-OB,29.63664,-82.33492,29,2398.23
17-A-OB,29.63664,-82.33459,30,2430.12
17-A-OB,29.63663,-82.33442,31,2446.59
17-A-OB,29.63657,-82.33427,32,2462.55
17-A-OB,29.63655,-82.33407,33,2482.01
17-A-OB,29.63634,-82.33091,34,2788.31
17-A-OB,29.6362,-82.32909,35,2964.89
17-A-OB,29.63626,-82.32897,36,2978.27
17-A-OB,29.636231,-82.328747,37,3000.07
17-A-OB,29.63616,-82.32844,38,3030.77
17-A-OB,29.63606,-82.32811,39,3064.55
17-A-OB,29.63591,-82.32781,40,3098.0
17-A-OB,29.63569,-82.3275,41,3136.68
17-A-OB,29.63548,-82.32725,42,3170.28
17-A-OB,29.63524,-82.32701,43,3205.64
17-A-OB,29.63502,-82.32682,44,3236.22
17-A-OB,29.63479,-82.32668,45,3265.16
17-A-OB,29.63442,-82.32652,46,3309.11
17-A-OB,29.63253,-82.32593,47,3526.87
17-A-OB,29.63177,-82.32566,48,3615.31
17-A-OB,29.63149,-82.32551,49,3649.66
17-A-OB,29.63123,-82.32531,50,3684.44
17-A-OB,29.63099,-82.32509,51,3718.56
17-A-OB,29.63071,-82.32476,52,3763.13
17-A-OB,29.63052,-82.32445,53,3799.79
17-A-OB,29.6297,-82.322619,54,3998.88
17-A-OB,29.62955,-82.3223,55,4033.93
17-A-OB,29.63202,-82.32083,56,4343.16
17-A-OB,29.63244,-82.32053,57,4398.13
17-A-OB,29.63279,-82.32025,58,4445.53
17-A-OB,29.63318,-82.3199,59,4500.53
17-A-OB,29.6336,-82.31945,60,4564.35
17-A-OB,29.63391,-82.31908,61,4614.02
17-A-OB,29.63432,-82.31852,62,4684.78
17-A-OB,29.6355,-82.31683,63,4894.3
17-A-OB,29.636362,-82.317259,64,4998.73
17-A-OB,29.63699,-82.31755,65,5074.01
17-A-OB,29.63931,-82.3187,66,5354.91
17-A-OB,29.64318,-82.32068,67,5825.86
17-A-OB,29.64435,-82.32126,68,5967.52
17-A-OB,29.644609,-82.321344,69,5997.44
17-A-OB,29.64475,-82.32136,70,6013.19
17-A-OB,29.64489,-82.32135,71,6028.79
17-A-OB,29.64505,-82.32128,72,6047.83
17-A-OB,29.6451,-82.32129,73,6053.47
17-A-OB,29.64518,-82.32137,74,6065.25
17-A-OB,29.64518,-82.32167,75,6094.25
17-A-OB,29.64523,-82.3219,76,6117.16
17-A-OB,29.64526,-82.32232,77,6157.88
17-A-OB,29.64658,-82.32233,78,6304.66
17-A-OB,29.64658,-82.32258,79,6328.82
17-A-OB,29.645846,-82.322577,80,6410.44
17-A-OB,29.645693,-82.322528,81,6428.1
17-A-OB,29.645625,-82.322536,82,6435.7
17-A-OB,29.645559,-82.322587,83,6444.54
17-A-OB,29.645525,-82.322654,84,6452.04
17-A-OB,29.645518,-82.322728,85,6459.23
17-A-IB,29.64552,-82.3227,1,0
17-A-IB,29.64553,-82.32265,2,4.96
17-A-IB,29.64558,-82.32256,3,15.28
17-A-IB,29.64568,-82.32252,4,27.05
17-A-IB,29.64584,-82.32258,5,45.77
17-A-IB,29.64658,-82.32258,6,128.05
17-A-IB,29.64658,-82.32233,7,152.21
17-A-IB,29.64519,-82.32231,8,306.78
17-A-IB,29.64518,-82.32205,9,331.93
17-A-IB,29.64512,-82.32172,10,364.52
17-A-IB,29.64506,-82.32159,11,378.74
17-A-IB,29.64497,-82.32156,12,389.16
17-A-IB,29.64489,-82.32147,13,401.6
17-A-IB,29.64479,-82.32142,14,413.72
17-A-IB,29.64463,-82.32138,15,431.93
17-A-IB,29.64457,-82.32134,16,439.64
17-A-IB,29.64435,-82.32126,17,465.3
17-A-IB,29.64318,-82.32068,18,606.96
17-A-IB,29.63996,-82.319037,19,998.63
17-A-IB,29.63931,-82.3187,20,1077.91
17-A-IB,29.63699,-82.31755,21,1358.81
17-A-IB,29.63561,-82.31689,22,1524.98
17-A-IB,29.63423,-82.31888,23,1771.03
17-A-IB,29.63382,-82.3194,24,1838.89
17-A-IB,29.63364,-82.31961,25,1867.39
17-A-IB,29.63328,-82.31998,26,1921.07
17-A-IB,29.63304,-82.32021,27,1955.8
17-A-IB,29.632729,-82.32047,28,1998.55
17-A-IB,29.63252,-82.32064,29,2027.01
17-A-IB,29.63189,-82.32107,30,2108.46
17-A-IB,29.62961,-82.32243,31,2394.04
17-A-IB,29.63052,-82.32445,32,2613.95
17-A-IB,29.63071,-82.32476,33,2650.61
17-A-IB,29.63099,-82.32509,34,2695.18
17-A-IB,29.63123,-82.32531,35,2729.3
17-A-IB,29.63149,-82.32551,36,2764.08
17-A-IB,29.63177,-82.32566,37,2798.42
17-A-IB,29.63253,-82.32593,38,2886.87
17-A-IB,29.633499,-82.32623,39,2998.45
17-A-IB,29.63442,-82.32652,40,3104.63
17-A-IB,29.63479,-82.32668,41,3148.58
17-A-IB,29.63502,-82.32682,42,3177.51
17-A-IB,29.63535,-82.32711,43,3223.69
17-A-IB,29.63562,-82.32741,44,3265.43
17-A-IB,29.63591,-82.32781,45,3315.77
17-A-IB,29.63606,-82.32811,46,3349.22
17-A-IB,29.6362,-82.3286,47,3399.07
17-A-IB,29.63626,-82.32897,48,3435.45
17-A-IB,29.63632,-82.32905,49,3445.66
17-A-IB,29.63633,-82.32916,50,3456.35
17-A-IB,29.63669,-82.33426,51,3950.88
17-A-IB,29.63663,-82.33442,52,3967.72
17-A-IB,29.63664,-82.334736,53,3998.28
17-A-IB,29.63664,-82.33492,54,4016.06
17-A-IB,29.63655,-82.33612,55,4132.47
17-A-IB,29.63646,-82.33767,56,4282.61
17-A-IB,29.63646,-82.33935,57,4444.98
17-A-IB,29.63753,-82.33931,58,4564.02
17-A-IB,29.64016,-82.33932,59,4856.47
17-A-IB,29.64069,-82.33926,60,4915.69
17-A-IB,29.641431,-82.33925,61,4998.09
17-A-IB,29.6429,-82.33925,62,5161.43
17-A-IB,29.6436,-82.33927,63,5239.29
17-A-IB,29.64367,-82.33932,64,5248.45
17-A-IB,29.64491,-82.33932,65,5386.34
17-A-IB,29.64482,-82.33994,66,5447.08
17-A-IB,29.64485,-82.3401,67,5462.9
17-A-IB,29.64485,-82.34023,68,5475.46
26-A-OB,29.64556,-82.3226,1,0
26-A-OB,29.64556,-82.3228,2,19.33
26-A-OB,29.64644,-82.3228,3,117.18
26-A-OB,29.64643,-82.3225,4,146.19
26-A-OB,29.64648,-82.32233,5,163.54
26-A-OB,29.64713,-82.32235,6,235.84
26-A-OB,29.64771,-82.32231,7,300.45
26-A-OB,29.64839,-82.32235,8,376.16
26-A-OB,29.64839,-82.32072,9,533.68
26-A-OB,29.64825,-82.31972,10,631.56
26-A-OB,29.64823,-82.31908,11,693.45
26-A-OB,29.64824,-82.3188,12,720.53
26-A-OB,29.648222,-82.315908,13,1000.01
26-A-OB,29.64823,-82.3151,14,1078.1
26-A-OB,29.64821,-82.31388,15,1196.02
26-A-OB,29.64822,-82.31211,16,1367.07
26-A-OB,29.64824,-82.31145,17,1430.89
26-A-OB,29.65013,-82.3114,18,1641.1
26-A-OB,29.65098,-82.3114,19,1735.62
26-A-OB,29.65149,-82.31135,20,1792.53
26-A-OB,29.65187,-82.31129,21,1835.18
26-A-OB,29.65203,-82.31124,22,1853.62
26-A-OB,29.65247,-82.31101,23,1907.36
26-A-OB,29.653207,-82.310563,24,1999.99
26-A-OB,29.65624,-82.3085,25,2391.76
26-A-OB,29.65639,-82.30846,26,2408.88
26-A-OB,29.65779,-82.30751,27,2589.6
26-A-OB,29.6592,-82.30658,28,2770.32
26-A-OB,29.65931,-82.30645,29,2787.85
26-A-OB,29.65923,-82.30584,30,2847.46
26-A-OB,29.65921,-82.30528,31,2901.61
26-A-OB,29.65921,-82.304262,32,2999.98
26-A-OB,29.65922,-82.30329,33,3093.91
26-A-OB,29.65918,-82.30213,34,3206.08
26-A-OB,29.65921,-82.29985,35,3426.42
26-A-OB,29.66112,-82.29986,36,3638.8
26-A-OB,29.66155,-82.29983,37,3686.7
26-A-OB,29.66163,-82.2998,38,3696.06
26-A-OB,29.66176,-82.29978,39,3710.64
26-A-OB,29.6618,-82.2997,40,3719.56
26-A-OB,29.66186,-82.29966,41,3727.27
26-A-OB,29.66194,-82.29966,42,3736.17
26-A-OB,29.66201,-82.2997,43,3744.86
26-A-OB,29.66205,-82.2998,44,3755.49
26-A-OB,29.66205,-82.29986,45,3761.29
26-A-OB,29.66203,-82.29991,46,3766.61
26-A-OB,29.66195,-82.29998,47,3777.79
26-A-OB,29.66196,-82.30145,48,3919.83
26-A-OB,29.66202,-82.30163,49,3938.46
26-A-OB,29.66212,-82.30178,50,3956.72
26-A-OB,29.662443,-82.30203,51,4000.01
26-A-OB,29.66288,-82.30239,52,4059.77
26-A-OB,29.66297,-82.3025,53,4074.36
26-A-OB,29.66307,-82.30265,54,4092.63
26-A-OB,29.66346,-82.30341,55,4177.91
26-A-OB,29.66376,-82.30355,56,4213.91
26-A-OB,29.66648,-82.3017,57,4565.23
26-A-OB,29.6665,-82.30582,58,4963.31
26-A-OB,29.66683,-82.30582,59,5000.01
26-A-OB,29.66984,-82.30583,60,5334.7
26-A-OB,29.67067,-82.30582,61,5427.0
26-A-OB,29.67295,-82.30584,62,5680.53
26-A-OB,29.675823,-82.30583,63,6000.0
26-A-OB,29.68057,-82.3058,64,6527.85
26-A-OB,29.684816,-82.305793,65,6999.98
26-A-OB,29.68829,-82.30577,66,7386.28
26-A-OB,29.68826,-82.3018,67,7769.79
26-A-OB,29.68827,-82.30122,68,7825.83
26-A-OB,29.68825,-82.30004,69,7939.84
26-A-OB,29.68822,-82.299418,70,8000.01
26-A-OB,29.68813,-82.29831,71,8107.51
26-A-OB,29.68804,-82.29762,72,8174.91
26-A-OB,29.68789,-82.2967,73,8265.34
26-A-OB,29.68766,-82.29565,74,8369.94
26-A-OB,29.68737,-82.29459,75,8477.29
26-A-OB,29.68717,-82.29398,76,8540.27
26-A-OB,29.68681,-82.29304,77,8639.51
26-A-OB,29.68645,-82.29221,78,8729.13
26-A-OB,29.68626,-82.2918,79,8774.01
26-A-OB,29.685224,-82.289788,80,8999.95
26-A-OB,29.68498,-82.28932,81,9052.68
26-A-OB,29.68483,-82.28907,82,9082.03
26-A-OB,29.680619,-82.280897,83,9999.98
26-A-OB,29.67906,-82.27788,84,10339.1
26-A-OB,29.67895,-82.2777,85,10360.36
26-A-OB,29.6785,-82.27681,86,10459.84
26-A-OB,29.67907,-82.27655,87,10528.01
26-A-OB,29.67923,-82.27652,88,10546.04
26-A-OB,29.67986,-82.27651,89,10616.1
26-A-OB,29.68152,-82.27657,90,10800.77
26-A-OB,29.68243,-82.27658,91,10901.97
26-A-OB,29.68283,-82.27652,92,10946.82
26-A-OB,29.683299,-82.276414,93,10999.97
26-A-OB,29.68328,-82.27642,94,11002.16
26-A-OB,29.68338,-82.27638,95,11013.93
26-A-OB,29.68411,-82.2762,96,11096.94
26-A-OB,29.68418,-82.2762,97,11104.73
26-A-OB,29.6843,-82.27616,98,11118.62
26-A-OB,29.68452,-82.27611,99,11143.55
26-A-OB,29.68484,-82.27603,100,11179.96
26-A-OB,29.68495,-82.276,101,11192.53
26-A-OB,29.68498,-82.276,102,11195.87
26-A-OB,29.68512,-82.27584,103,11217.81
26-A-OB,29.68517,-82.27581,104,11224.08
26-A-OB,29.68524,-82.27577,105,11232.77
26-A-OB,29.68544,-82.27572,106,11255.52
26-A-OB,29.68573,-82.27565,107,11288.47
26-A-OB,29.68578,-82.27564,108,11294.12
26-A-OB,29.68582,-82.27564,109,11298.56
26-A-OB,29.68586,-82.27566,110,11303.41
26-A-OB,29.6859,-82.27569,111,11308.72
26-A-IB,29.6858,-82.27564,1,0
26-A-IB,29.68582,-82.27564,2,2.22
26-A-IB,29.68586,-82.27566,3,7.07
26-A-IB,29.6859,-82.27569,4,12.38
26-A-IB,29.68594,-82.27576,5,20.48
26-A-IB,29.68596,-82.27587,6,31.33
26-A-IB,29.68596,-82.276,7,43.89
26-A-IB,29.68599,-82.27616,8,59.7
26-A-IB,29.68603,-82.27636,9,79.53
26-A-IB,29.68608,-82.27667,10,109.99
26-A-IB,29.68614,-82.27697,11,139.72
26-A-IB,29.68623,-82.27748,12,190.0
26-A-IB,29.68627,-82.27766,13,207.94
26-A-IB,29.6863,-82.27782,14,223.76
26-A-IB,29.68634,-82.27813,15,254.03
26-A-IB,29.68631,-82.27825,16,266.09
26-A-IB,29.68626,-82.27833,17,275.61
26-A-IB,29.6862,-82.27839,18,284.45
26-A-IB,29.68613,-82.27847,19,295.42
26-A-IB,29.68604,-82.27849,20,305.61
26-A-IB,29.68578,-82.27855,21,335.1
26-A-IB,29.6853,-82.27866,22,389.52
26-A-IB,29.68526,-82.27867,23,394.07
26-A-IB,29.68514,-82.2787,24,407.73
26-A-IB,29.68491,-82.27874,25,433.59
26-A-IB,29.68477,-82.27876,26,449.28
26-A-IB,29.68466,-82.27872,27,462.1
26-A-IB,29.6846,-82.27868,28,469.81
26-A-IB,29.68451,-82.27858,29,483.72
26-A-IB,29.68447,-82.27851,30,491.82
26-A-IB,29.68442,-82.27837,31,506.44
26-A-IB,29.68441,-82.27825,32,518.09
26-A-IB,29.68441,-82.27816,33,526.78
26-A-IB,29.68441,-82.27731,34,608.89
26-A-IB,29.68441,-82.2773,35,609.86
26-A-IB,29.68438,-82.27716,36,623.79
26-A-IB,29.68438,-82.27715,37,624.75
26-A-IB,29.6843,-82.27696,38,645.15
26-A-IB,29.68415,-82.27674,39,672.17
26-A-IB,29.68408,-82.27669,40,681.33
26-A-IB,29.68395,-82.27664,41,696.57
26-A-IB,29.68383,-82.27657,42,711.53
26-A-IB,29.6836,-82.27647,43,738.87
26-A-IB,29.68346,-82.27644,44,754.7
26-A-IB,29.68328,-82.27642,45,774.81
26-A-IB,29.68289,-82.27653,46,819.46
26-A-IB,29.68265,-82.27658,47,846.58
26-A-IB,29.68238,-82.2766,48,876.66
26-A-IB,29.68217,-82.2766,49,900.01
26-A-IB,29.68188,-82.27658,50,932.32
26-A-IB,29.68156,-82.27657,51,967.91
26-A-IB,29.68152,-82.27657,52,972.36
26-A-IB,29.68126,-82.27656,53,1001.29
26-A-IB,29.68088,-82.27654,54,1043.59
26-A-IB,29.68062,-82.27654,55,1072.5
26-A-IB,29.680616,-82.27654,56,1072.94
26-A-IB,29.67986,-82.27651,57,1157.05
26-A-IB,29.67923,-82.27652,58,1227.11
26-A-IB,29.67907,-82.27655,59,1245.14
26-A-IB,29.67863,-82.27675,60,1297.74
26-A-IB,29.682193,-82.283648,61,2073.01
26-A-IB,29.68358,-82.28635,62,2376.19
26-A-IB,29.68406,-82.28724,63,2477.39
26-A-IB,29.68494,-82.28899,64,2672.72
26-A-IB,29.68509,-82.28925,65,2702.87
26-A-IB,29.68607,-82.29114,66,2915.49
26-A-IB,29.68656,-82.29213,67,3025.56
26-A-IB,29.686753,-82.292568,68,3073.0
26-A-IB,29.68711,-82.29345,69,3167.0
26-A-IB,29.68747,-82.29448,70,3274.25
26-A-IB,29.68782,-82.29576,71,3403.87
26-A-IB,29.68802,-82.29666,72,3493.61
26-A-IB,29.68811,-82.29715,73,3541.99
26-A-IB,29.68821,-82.29781,74,3606.71
26-A-IB,29.68835,-82.29922,75,3743.8
26-A-IB,29.68838,-82.29992,76,3811.5
26-A-IB,29.688404,-82.302627,77,4073.01
26-A-IB,29.68842,-82.30578,78,4377.59
26-A-IB,29.68829,-82.30577,79,4392.07
26-A-IB,29.68501,-82.3058,80,4756.81
26-A-IB,29.68473,-82.30579,81,4787.96
26-A-IB,29.682167,-82.3058,82,5072.95
26-A-IB,29.673173,-82.30584,83,6073.04
26-A-IB,29.67067,-82.30582,84,6351.37
26-A-IB,29.67031,-82.30583,85,6391.41
26-A-IB,29.6665,-82.30582,86,6815.07
26-A-IB,29.666486,-82.30315,87,7073.05
26-A-IB,29.66648,-82.30185,88,7198.65
26-A-IB,29.66356,-82.30383,89,7575.51
26-A-IB,29.66306,-82.30284,90,7686.15
26-A-IB,29.66288,-82.30256,91,7719.81
26-A-IB,29.66278,-82.30245,92,7735.19
26-A-IB,29.66215,-82.30191,93,7822.54
26-A-IB,29.66211,-82.30189,94,7827.39
26-A-IB,29.66199,-82.30175,95,7846.39
26-A-IB,29.66189,-82.30153,96,7870.38
26-A-IB,29.66187,-82.30141,97,7882.18
26-A-IB,29.66185,-82.29998,98,8020.37
26-A-IB,29.66179,-82.29993,99,8028.61
26-A-IB,29.66176,-82.29988,100,8034.48
26-A-IB,29.66162,-82.29987,101,8050.08
26-A-IB,29.66155,-82.29983,102,8058.77
26-A-IB,29.661422,-82.299839,103,8073.03
26-A-IB,29.66112,-82.29986,104,8106.67
26-A-IB,29.65921,-82.29985,105,8319.06
26-A-IB,29.65918,-82.30182,106,8509.44
26-A-IB,29.65922,-82.30329,107,8651.55
26-A-IB,29.65921,-82.30528,108,8843.84
26-A-IB,29.65923,-82.30584,109,8898.0
26-A-IB,29.6593,-82.30633,110,8945.98
26-A-IB,29.65931,-82.30658,111,8970.16
26-A-IB,29.6592,-82.30658,112,8982.39
26-A-IB,29.658493,-82.307046,113,9072.99
26-A-IB,29.65639,-82.30846,114,9343.82
26-A-IB,29.6563,-82.30859,115,9359.88
26-A-IB,29.65323,-82.31067,116,9756.03
26-A-IB,29.65262,-82.31106,117,9833.62
26-A-IB,29.65198,-82.31142,118,9912.84
26-A-IB,29.65179,-82.31148,119,9934.75
26-A-IB,29.65142,-82.31153,120,9976.17
26-A-IB,29.65098,-82.31155,121,10025.13
26-A-IB,29.65055,-82.311541,122,10072.96
26-A-IB,29.65002,-82.31154,123,10131.89
26-A-IB,29.64824,-82.31159,124,10329.87
26-A-IB,29.64824,-82.31157,125,10331.81
26-A-IB,29.64822,-82.31211,126,10384.04
26-A-IB,29.64821,-82.31388,127,10555.09
26-A-IB,29.64823,-82.3151,128,10673.01
26-A-IB,29.64822,-82.31649,129,10807.34
26-A-IB,29.648239,-82.319239,130,11073.0
26-A-IB,29.64825,-82.31972,131,11119.5
26-A-IB,29.64839,-82.32072,132,11217.38
26-A-IB,29.64839,-82.32235,133,11374.9
26-A-IB,29.64659,-82.32233,134,11575.06
26-A-IB,29.64657,-82.32258,135,11599.32
26-A-IB,29.64622,-82.32258,136,11638.24
26-A-IB,29.64564,-82.32255,137,11702.8
26-A-IB,29.64554,-82.32264,138,11716.92
26-B-OB,29.64556,-82.3226,1,0
26-B-OB,29.64556,-82.3228,2,19.33
26-B-OB,29.64644,-82.3228,3,117.18
26-B-OB,29.64643,-82.3225,4,146.19
26-B-OB,29.64648,-82.32233,5,163.54
26-B-OB,29.64713,-82.32235,6,235.84
26-B-OB,29.64771,-82.32231,7,300.45
26-B-OB,29.64839,-82.32235,8,376.16
26-B-OB,29.64839,-82.32072,9,533.68
26-B-OB,29.64825,-82.31972,10,631.56
26-B-OB,29.64823,-82.31908,11,693.45
26-B-OB,29.64824,-82.3188,12,720.53
26-B-OB,29.648222,-82.315908,13,1000.01
26-B-OB,29.64823,-82.3151,14,1078.1
26-B-OB,29.64821,-82.31388,15,1196.02
26-B-OB,29.64822,-82.31211,16,1367.07
26-B-OB,29.64824,-82.31145,17,1430.89
26-B-OB,29.65013,-82.3114,18,1641.1
26-B-OB,29.65098,-82.3114,19,1735.62
26-B-OB,29.65149,-82.31135,20,1792.53
26-B-OB,29.65187,-82.31129,21,1835.18
26-B-OB,29.65203,-82.31124,22,1853.62
26-B-OB,29.65247,-82.31101,23,1907.36
26-B-OB,29.653207,-82.310563,24,1999.99
26-B-OB,29.65624,-82.3085,25,2391.76
26-B-OB,29.65639,-82.30846,26,2408.88
26-B-OB,29.65776,-82.30753,27,2585.75
26-B-OB,29.6592,-82.30658,28,2770.32
26-B-OB,29.65931,-82.30645,29,2787.85
26-B-OB,29.65923,-82.30584,30,2847.46
26-B-OB,29.65921,-82.30528,31,2901.61
26-B-OB,29.65921,-82.304262,32,2999.98
26-B-OB,29.65922,-82.30329,33,3093.91
26-B-OB,29.65918,-82.30213,34,3206.08
26-B-OB,29.65921,-82.29985,35,3426.42
26-B-OB,29.66112,-82.29986,36,3638.8
26-B-OB,29.66155,-82.29983,37,3686.7
26-B-OB,29.66163,-82.2998,38,3696.06
26-B-OB,29.66176,-82.29978,39,3710.64
26-B-OB,29.6618,-82.2997,40,3719.56
26-B-OB,29.66186,-82.29966,41,3727.27
26-B-OB,29.66194,-82.29966,42,3736.17
26-B-OB,29.66201,-82.2997,43,3744.86
26-B-OB,29.66205,-82.2998,44,3755.49
26-B-OB,29.66205,-82.29986,45,3761.29
26-B-OB,29.66203,-82.29991,46,3766.61
26-B-OB,29.66195,-82.29998,47,3777.79
26-B-OB,29.66196,-82.30145,48,3919.83
26-B-OB,29.66202,-82.30163,49,3938.46
26-B-OB,29.66212,-82.30178,50,3956.72
26-B-OB,29.662443,-82.30203,51,4000.01
26-B-OB,29.66288,-82.30239,52,4059.77
26-B-OB,29.66297,-82.3025,53,4074.36
26-B-OB,29.66307,-82.30265,54,4092.63
26-B-OB,29.66346,-82.30341,55,4177.91
26-B-OB,29.66376,-82.30355,56,4213.91
26-B-OB,29.66648,-82.3017,57,4565.23
26-B-OB,29.6665,-82.3034,58,4729.5
26-B-OB,29.66648,-82.3049,59,4874.45
26-B-OB,29.6665,-82.30582,60,4963.37
26-B-OB,29.666829,-82.30582,61,4999.95
26-B-OB,29.66984,-82.30583,62,5334.76
26-B-OB,29.67067,-82.30582,63,5427.05
26-B-OB,29.67295,-82.30584,64,5680.59
26-B-OB,29.675823,-82.30583,65,6000.05
26-B-OB,29.68057,-82.3058,66,6527.9
26-B-OB,29.684816,-82.305793,67,7000.04
26-B-OB,29.68829,-82.30577,68,7386.33
26-B-OB,29.68826,-82.3018,69,7769.84
26-B-OB,29.68827,-82.30122,70,7825.88
26-B-OB,29.68825,-82.30004,71,7939.89
26-B-OB,29.68822,-82.299419,72,7999.97
26-B-OB,29.68813,-82.29831,73,8107.57
26-B-OB,29.68798,-82.29722,74,8214.17
26-B-OB,29.68789,-82.2967,75,8265.39
26-B-OB,29.68766,-82.29565,76,8369.99
26-B-OB,29.68737,-82.29459,77,8477.35
26-B-OB,29.68717,-82.29398,78,8540.33
26-B-OB,29.68681,-82.29304,79,8639.57
26-B-OB,29.68645,-82.29221,80,8729.18
26-B-OB,29.68626,-82.2918,81,8774.07
26-B-OB,29.685224,-82.289788,82,9000.01
26-B-OB,29.68498,-82.28932,83,9052.73
26-B-OB,29.68483,-82.28907,84,9082.08
26-B-OB,29.68349,-82.28644,85,9376.62
26-B-OB,29.68298,-82.28548,86,9485.32
26-B-OB,29.680619,-82.280898,87,9999.96
26-B-OB,29.67906,-82.27788,88,10339.16
26-B-OB,29.67895,-82.2777,89,10360.42
26-B-OB,29.67832,-82.27643,90,10501.71
26-B-OB,29.67716,-82.2742,91,10752.81
26-B-OB,29.676044,-82.271987,92,11000.01
26-B-OB,29.67586,-82.27161,93,11041.78
26-B-OB,29.67579,-82.27141,94,11062.61
26-B-OB,29.67459,-82.26908,95,11324.29
26-B-OB,29.67445,-82.26877,96,11358.05
26-B-OB,29.67411,-82.26782,97,11457.31
26-B-OB,29.67404,-82.26767,98,11473.76
26-B-OB,29.6739,-82.26713,99,11528.2
26-B-OB,29.67376,-82.26642,100,11598.54
26-B-OB,29.67371,-82.26601,101,11638.54
26-B-OB,29.67363,-82.26504,102,11732.68
26-B-OB,29.67361,-82.26405,103,11828.35
26-B-OB,29.67337,-82.26404,104,11855.06
26-B-OB,29.67321,-82.26407,105,11873.08
26-B-OB,29.67309,-82.26413,106,11887.63
26-B-OB,29.67299,-82.26421,107,11901.17
26-B-OB,29.67285,-82.2645,108,11933.22
26-B-OB,29.67276,-82.26452,109,11943.42
26-B-OB,29.67265,-82.2645,110,11955.8
26-B-OB,29.67256,-82.26445,111,11966.91
26-B-OB,29.67237,-82.26429,112,11993.09
26-B-OB,29.672355,-82.264221,113,11999.96
26-B-OB,29.67234,-82.26397,114,12024.27
26-B-OB,29.67236,-82.26382,115,12038.93
26-B-OB,29.67245,-82.2637,116,12054.25
26-B-OB,29.67258,-82.2636,117,12071.63
26-B-OB,29.67265,-82.26357,118,12079.94
26-B-OB,29.6727,-82.26357,119,12085.5
26-B-OB,29.67286,-82.26362,120,12103.93
26-B-OB,29.67298,-82.26385,121,12129.85
26-B-OB,29.67307,-82.26392,122,12141.93
26-B-OB,29.67337,-82.26404,123,12177.25
26-B-OB,29.67368,-82.26405,124,12211.73
26-B-OB,29.67369,-82.26498,125,12301.59
26-B-OB,29.67376,-82.26589,126,12389.85
26-B-OB,29.6738,-82.26623,127,12423.0
26-B-OB,29.67393,-82.267,128,12498.78
26-B-OB,29.67411,-82.26782,129,12580.49
26-B-OB,29.67445,-82.26877,130,12679.76
26-B-OB,29.67459,-82.26908,131,12713.51
26-B-OB,29.67579,-82.27141,132,12975.19
26-B-OB,29.675921,-82.271617,133,12999.93
26-B-OB,29.67623,-82.27218,134,13064.27
26-B-OB,29.67793,-82.27548,135,13434.9
26-B-OB,29.67863,-82.27675,136,13580.2
26-B-OB,29.67907,-82.27655,137,13632.81
26-B-OB,29.67923,-82.27652,138,13650.83
26-B-OB,29.67986,-82.27651,139,13720.89
26-B-OB,29.68152,-82.27657,140,13905.57
26-B-OB,29.682369,-82.276576,141,13999.97
26-B-OB,29.68237,-82.2766,142,14002.29
26-B-OB,29.68238,-82.2766,143,14003.41
26-B-OB,29.68265,-82.27658,144,14033.49
26-B-OB,29.68289,-82.27653,145,14060.61
26-B-OB,29.68328,-82.27642,146,14105.26
26-B-OB,29.68338,-82.27638,147,14117.03
26-B-OB,29.68411,-82.2762,148,14200.05
26-B-OB,29.68418,-82.2762,149,14207.83
26-B-OB,29.6843,-82.27616,150,14221.72
26-B-OB,29.68452,-82.27611,151,14246.66
26-B-OB,29.68484,-82.27603,152,14283.07
26-B-OB,29.68495,-82.276,153,14295.64
26-B-OB,29.68498,-82.276,154,14298.97
26-B-OB,29.68512,-82.27584,155,14320.91
26-B-OB,29.68517,-82.27581,156,14327.18
26-B-OB,29.68524,-82.27577,157,14335.87
26-B-OB,29.68573,-82.27565,158,14391.58
26-B-OB,29.68578,-82.27564,159,14397.22
26-B-OB,29.68582,-82.27564,160,14401.67
26-B-OB,29.68586,-82.27566,161,14406.52
26-B-OB,29.6859,-82.27569,162,14411.83
13-A-OB,29.60794,-82.34197,1,0
13-A-OB,29.60694,-82.34211,2,112.02
13-A-OB,29.60627,-82.34218,3,186.82
13-A-OB,29.60627,-82.34197,4,207.13
13-A-OB,29.6069,-82.34192,5,277.34
13-A-OB,29.61092,-82.34132,6,728.1
13-A-OB,29.61265,-82.34103,7,922.5
13-A-OB,29.613342,-82.340932,8,1000.02
13-A-OB,29.61475,-82.34071,9,1158.05
13-A-OB,29.622261,-82.339599,10,2000.11
13-A-OB,29.62412,-82.33933,11,2208.45
13-A-OB,29.62498,-82.33927,12,2304.26
13-A-OB,29.631231,-82.33927,13,2999.33
13-A-OB,29.63633,-82.33927,14,3566.32
13-A-OB,29.63646,-82.33935,15,3582.71
13-A-OB,29.63753,-82.33931,16,3701.75
13-A-OB,29.640206,-82.339314,17,3999.31
13-A-OB,29.64052,-82.33927,18,4034.48
13-A-OB,29.64089,-82.33925,19,4075.67
13-A-OB,29.64195,-82.33925,20,4193.54
13-A-OB,29.64191,-82.33947,21,4215.26
13-A-OB,29.64184,-82.33955,22,4226.23
13-A-OB,29.64166,-82.33971,23,4251.52
13-A-OB,29.64117,-82.34001,24,4313.24
13-A-OB,29.6409,-82.34023,25,4350.03
13-A-OB,29.64075,-82.34036,26,4370.91
13-A-OB,29.6406,-82.34052,27,4393.66
13-A-OB,29.64031,-82.34086,28,4439.7
13-A-OB,29.63994,-82.34144,29,4509.23
13-A-OB,29.63975,-82.34184,30,4553.28
13-A-OB,29.64013,-82.34204,31,4599.75
13-A-OB,29.64052,-82.34227,32,4648.48
13-A-OB,29.64058,-82.34232,33,4656.72
13-A-OB,29.64096,-82.34253,34,4703.59
13-A-OB,29.64105,-82.34256,35,4714.01
13-A-OB,29.64136,-82.34274,36,4752.62
13-A-OB,29.64109,-82.3434,37,4823.12
13-A-OB,29.64138,-82.34355,38,4858.47
13-A-OB,29.6416,-82.34374,39,4889.06
13-A-OB,29.64168,-82.34377,40,4898.42
13-A-OB,29.64176,-82.34377,41,4907.31
13-A-OB,29.642574,-82.343629,42,4998.85
13-A-OB,29.64335,-82.34351,43,5085.9
13-A-OB,29.64483,-82.34351,44,5250.47
13-A-OB,29.64482,-82.34131,45,5463.08
13-A-OB,29.64481,-82.34115,46,5478.58
13-A-OB,29.64477,-82.34097,47,5496.53
13-A-OB,29.64476,-82.3402,48,5570.96
13-A-OB,29.64482,-82.33994,49,5596.95
13-A-OB,29.6449,-82.33932,50,5657.53
13-A-OB,29.6457,-82.33932,51,5746.48
13-A-OB,29.64596,-82.33927,52,5775.79
13-A-OB,29.647961,-82.33927,53,5998.3
13-A-OB,29.648366,-82.33927,54,6043.33
13-A-OB,29.64845,-82.33933,55,6054.32
13-A-OB,29.6502,-82.33933,56,6248.91
13-A-OB,29.65071,-82.33932,57,6305.63
13-A-OB,29.65102,-82.33927,58,6340.44
13-A-OB,29.6522,-82.33926,59,6471.65
13-A-OB,29.65342,-82.33918,60,6607.53
13-A-OB,29.65566,-82.33917,61,6856.61
13-A-OB,29.65573,-82.33921,62,6865.3
13-A-OB,29.656926,-82.339195,63,6998.3
13-A-OB,29.65755,-82.33918,64,7067.7
13-A-OB,29.65757,-82.34463,65,7594.33
13-A-OB,29.6594,-82.34463,66,7797.81
13-A-OB,29.659392,-82.342556,67,7998.22
13-A-OB,29.65938,-82.34101,68,8147.61
13-A-OB,29.65922,-82.33986,69,8260.14
13-A-OB,29.65919,-82.33934,70,8310.5
13-A-OB,29.65919,-82.33873,71,8369.44
13-A-OB,29.6592,-82.33843,72,8398.45
13-A-OB,29.6594,-82.33714,73,8525.07
13-A-OB,29.65858,-82.33708,74,8616.43
13-A-OB,29.65787,-82.3371,75,8695.4
13-A-IB,29.658,-82.3371,1,0
13-A-IB,29.65753,-82.3371,2,52.26
13-A-IB,29.65755,-82.33918,3,253.26
13-A-IB,29.65573,-82.33921,4,455.66
13-A-IB,29.65566,-82.33928,5,465.97
13-A-IB,29.65369,-82.33929,6,685.02
13-A-IB,29.65313,-82.33931,7,747.32
13-A-IB,29.65211,-82.33938,8,860.94
13-A-IB,29.651,-82.33939,9,984.37
13-A-IB,29.65087,-82.339329,10,999.99
13-A-IB,29.65083,-82.33931,11,1004.8
13-A-IB,29.6502,-82.33933,12,1074.88
13-A-IB,29.64845,-82.33933,13,1269.47
13-A-IB,29.64838,-82.33937,14,1278.16
13-A-IB,29.64808,-82.33938,15,1311.53
13-A-IB,29.64597,-82.33938,16,1546.15
13-A-IB,29.6457,-82.33932,17,1576.73
13-A-IB,29.6449,-82.33932,18,1665.69
13-A-IB,29.64482,-82.33994,19,1726.26
13-A-IB,29.64485,-82.3401,20,1742.08
13-A-IB,29.64485,-82.34097,21,1826.15
13-A-IB,29.64481,-82.34115,22,1844.11
13-A-IB,29.64483,-82.342762,23,1999.91
13-A-IB,29.64483,-82.34351,24,2072.2
13-A-IB,29.64335,-82.34351,25,2236.77
13-A-IB,29.64243,-82.34365,26,2339.96
13-A-IB,29.64176,-82.34377,27,2415.35
13-A-IB,29.64168,-82.34377,28,2424.25
13-A-IB,29.6416,-82.34374,29,2433.6
13-A-IB,29.64138,-82.34355,30,2464.19
13-A-IB,29.64109,-82.3434,31,2499.55
13-A-IB,29.64136,-82.34274,32,2570.05
13-A-IB,29.64105,-82.34256,33,2608.66
13-A-IB,29.64096,-82.34253,34,2619.08
13-A-IB,29.64058,-82.34232,35,2665.95
13-A-IB,29.64052,-82.34227,36,2674.19
13-A-IB,29.64013,-82.34204,37,2722.92
13-A-IB,29.63965,-82.34179,38,2781.51
13-A-IB,29.63986,-82.34137,39,2828.34
13-A-IB,29.6401,-82.34098,40,2874.52
13-A-IB,29.64024,-82.34079,41,2898.59
13-A-IB,29.64053,-82.34044,42,2945.32
13-A-IB,29.64091,-82.340104,43,2998.62
13-A-IB,29.6413,-82.33981,44,3050.46
13-A-IB,29.64132,-82.3396,45,3070.88
13-A-IB,29.64129,-82.33952,46,3079.3
13-A-IB,29.64117,-82.33939,47,3097.63
13-A-IB,29.64069,-82.33938,48,3151.01
13-A-IB,29.64016,-82.33932,49,3210.23
13-A-IB,29.63977,-82.33931,50,3253.6
13-A-IB,29.63753,-82.33931,51,3502.68
13-A-IB,29.63646,-82.33935,52,3621.72
13-A-IB,29.63632,-82.33944,53,3639.55
13-A-IB,29.63309,-82.339438,54,3998.71
13-A-IB,29.62622,-82.33942,55,4762.62
13-A-IB,29.624932,-82.339443,56,4905.86
13-A-IB,29.624099,-82.339501,57,4998.65
13-A-IB,29.62381,-82.33953,58,5030.91
13-A-IB,29.62248,-82.33974,59,5180.19
13-A-IB,29.62232,-82.33975,60,5198.01
13-A-IB,29.62056,-82.34001,61,5395.32
13-A-IB,29.61518,-82.340824,62,5998.7
13-A-IB,29.61306,-82.34114,63,6236.4
13-A-IB,29.61146,-82.3414,64,6416.08
13-A-IB,29.61095,-82.3415,65,6473.61
13-A-IB,29.60975,-82.3417,66,6608.43
13-A-IB,29.60747,-82.34204,67,6864.08
20-A-OB,29.65693,-82.40888,1,0
20-A-OB,29.65573,-82.40889,2,133.44
20-A-OB,29.65371,-82.40888,3,358.05
20-A-OB,29.65333,-82.40892,4,400.48
20-A-OB,29.65212,-82.4089,5,535.04
20-A-OB,29.6519,-82.40891,6,559.53
20-A-OB,29.65154,-82.40888,7,599.66
20-A-OB,29.65122,-82.40879,8,636.29
20-A-OB,29.6509,-82.40863,9,675.09
20-A-OB,29.65075,-82.40853,10,694.36
20-A-OB,29.6505,-82.40831,11,729.36
20-A-OB,29.65021,-82.40796,12,776.09
20-A-OB,29.65012,-82.4078,13,794.51
20-A-OB,29.65004,-82.40763,14,813.19
20-A-OB,29.64995,-82.40736,15,841.14
20-A-OB,29.64986,-82.40692,16,884.82
20-A-OB,29.649687,-82.405745,17,999.98
20-A-OB,29.64951,-82.40453,18,1119.03
20-A-OB,29.64943,-82.4042,19,1152.14
20-A-OB,29.64927,-82.40372,20,1201.82
20-A-OB,29.64906,-82.40326,21,1252.03
20-A-OB,29.64873,-82.40274,22,1314.25
20-A-OB,29.64847,-82.4024,23,1358.02
20-A-OB,29.64829,-82.40221,24,1385.18
20-A-OB,29.64797,-82.40192,25,1430.47
20-A-OB,29.64757,-82.40159,26,1485.2
20-A-OB,29.6475,-82.40156,27,1493.51
20-A-OB,29.64655,-82.40081,28,1621.62
20-A-OB,29.64519,-82.39968,29,1808.15
20-A-OB,29.64438,-82.39904,30,1917.41
20-A-OB,29.64433,-82.39896,31,1926.93
20-A-OB,29.64392,-82.39868,32,1979.95
20-A-OB,29.643752,-82.398604,33,2000.02
20-A-OB,29.64351,-82.39849,34,2029.1
20-A-OB,29.64296,-82.39831,35,2092.68
20-A-OB,29.64245,-82.39826,36,2149.6
20-A-OB,29.64004,-82.39826,37,2417.58
20-A-OB,29.63989,-82.39827,38,2434.28
20-A-OB,29.63978,-82.39831,39,2447.11
20-A-OB,29.63786,-82.39833,40,2660.61
20-A-OB,29.63786,-82.3974,41,2750.5
20-A-OB,29.63783,-82.39737,42,2754.92
20-A-OB,29.63781,-82.39729,43,2762.96
20-A-OB,29.63784,-82.39721,44,2771.38
20-A-OB,29.6379,-82.39716,45,2779.62
20-A-OB,29.63797,-82.39717,46,2787.46
20-A-OB,29.63802,-82.39721,47,2794.24
20-A-OB,29.63805,-82.39729,48,2802.66
20-A-OB,29.63803,-82.39736,49,2809.78
20-A-OB,29.63799,-82.39741,50,2816.34
20-A-OB,29.63802,-82.3977,51,2844.57
20-A-OB,29.63803,-82.39825,52,2897.74
20-A-OB,29.63895,-82.398234,53,3000.05
20-A-OB,29.63978,-82.39822,54,3092.35
20-A-OB,29.63989,-82.39827,55,3105.5
20-A-OB,29.6399,-82.39727,56,3202.15
20-A-OB,29.63988,-82.39701,57,3227.38
20-A-OB,29.63979,-82.39615,58,3311.09
20-A-OB,29.63969,-82.39559,59,3366.35
20-A-OB,29.63961,-82.39526,60,3399.46
20-A-OB,29.63952,-82.39494,61,3431.96
20-A-OB,29.63931,-82.39432,62,3496.27
20-A-OB,29.63912,-82.39388,63,3543.75
20-A-OB,29.63883,-82.3933,64,3608.42
20-A-OB,29.63849,-82.39275,65,3673.65
20-A-OB,29.63837,-82.39259,66,3694.08
20-A-OB,29.63767,-82.39149,67,3825.84
20-A-OB,29.63717,-82.39065,68,3924.23
20-A-OB,29.63709,-82.39063,69,3933.34
20-A-OB,29.636725,-82.390082,70,4000.06
20-A-OB,29.63635,-82.38951,71,4069.31
20-A-OB,29.63625,-82.38924,72,4097.67
20-A-OB,29.63583,-82.38857,73,4177.51
20-A-OB,29.63533,-82.38761,74,4285.68
20-A-OB,29.63482,-82.38644,75,4412.18
20-A-OB,29.63468,-82.38606,76,4452.07
20-A-OB,29.63455,-82.38564,77,4495.16
20-A-OB,29.63436,-82.38488,78,4571.59
20-A-OB,29.63419,-82.38406,79,4653.07
20-A-OB,29.63406,-82.38307,80,4749.84
20-A-OB,29.63401,-82.38204,81,4849.55
20-A-OB,29.634,-82.380483,82,5000.03
20-A-OB,29.63399,-82.3798,83,5066.06
20-A-OB,29.63401,-82.37831,84,5210.08
20-A-OB,29.63425,-82.37245,85,5777.08
20-A-OB,29.636256,-82.372441,86,6000.14
20-A-OB,29.63761,-82.37243,87,6150.71
20-A-OB,29.63762,-82.37059,88,6328.54
20-A-OB,29.6376,-82.3693,89,6453.23
20-A-OB,29.64225,-82.3693,90,6970.29
20-A-OB,29.642251,-82.36899,91,7000.25
20-A-OB,29.64228,-82.36471,92,7413.89
20-A-OB,29.64225,-82.36448,93,7436.37
20-A-OB,29.64222,-82.36435,94,7449.37
20-A-OB,29.64217,-82.36428,95,7458.13
20-A-OB,29.64217,-82.3642,96,7465.86
20-A-OB,29.64219,-82.36416,97,7470.32
20-A-OB,29.64225,-82.36411,98,7478.56
20-A-OB,29.64229,-82.3641,99,7483.11
20-A-OB,29.64233,-82.36411,100,7487.66
20-A-OB,29.64246,-82.36407,101,7502.62
20-A-OB,29.64274,-82.36394,102,7536.2
20-A-OB,29.64286,-82.36386,103,7551.62
20-A-OB,29.64303,-82.36373,104,7574.32
20-A-OB,29.64323,-82.36353,105,7603.78
20-A-OB,29.64339,-82.36332,106,7630.77
20-A-OB,29.64458,-82.36139,107,7859.46
20-A-OB,29.6447,-82.36117,108,7884.56
20-A-OB,29.64487,-82.36079,109,7925.86
20-A-OB,29.64493,-82.36051,110,7953.73
20-A-OB,29.644957,-82.360027,111,8000.5
20-A-OB,29.64488,-82.349679,112,9000.57
20-A-OB,29.64488,-82.3486,113,9104.85
20-A-OB,29.64484,-82.34744,114,9217.04
20-A-OB,29.64483,-82.34351,115,9596.84
20-A-OB,29.64653,-82.34352,116,9785.87
20-A-OB,29.64649,-82.34369,117,9802.89
20-A-OB,29.64582,-82.34512,118,9959.89
20-A-OB,29.645735,-82.345396,119,9988.19
20-A-OB,29.645718,-82.345523,120,10000.6
20-A-OB,29.6457,-82.34565,121,10013.04
20-A-OB,29.64569,-82.34634,122,10079.73
20-A-OB,29.64567,-82.34647,123,10092.49
20-A-OB,29.64563,-82.34659,124,10104.91
20-A-OB,29.6455,-82.34679,125,10129.05
20-A-OB,29.6454,-82.34686,126,10142.06
20-A-OB,29.64528,-82.34691,127,10156.25
20-A-OB,29.64507,-82.34693,128,10179.68
20-A-IB,29.64512,-82.34692,1,0
20-A-IB,29.64488,-82.34691,2,26.7
20-A-IB,29.64487,-82.34751,3,84.7
20-A-IB,29.6449,-82.34913,4,241.29
20-A-IB,29.64487,-82.34926,5,254.29
20-A-IB,29.64487,-82.35033,6,357.7
20-A-IB,29.64493,-82.356977,7,1000.1
20-A-IB,29.64496,-82.36018,8,1309.66
20-A-IB,29.64493,-82.36051,9,1341.72
20-A-IB,29.64487,-82.36079,10,1369.59
20-A-IB,29.6447,-82.36117,11,1410.89
20-A-IB,29.64458,-82.36139,12,1436.0
20-A-IB,29.64333,-82.36341,13,1675.64
20-A-IB,29.64303,-82.36373,14,1721.13
20-A-IB,29.64274,-82.36394,15,1759.23
20-A-IB,29.64261,-82.36408,16,1779.03
20-A-IB,29.64248,-82.36415,17,1794.99
20-A-IB,29.6424,-82.36422,18,1806.16
20-A-IB,29.64239,-82.36431,19,1814.93
20-A-IB,29.64232,-82.36448,20,1833.11
20-A-IB,29.64228,-82.36471,21,1855.78
20-A-IB,29.642264,-82.366204,22,2000.17
20-A-IB,29.64224,-82.3693,23,2299.39
20-A-IB,29.6377,-82.3693,24,2804.22
20-A-IB,29.637707,-82.371328,25,3000.22
20-A-IB,29.6377,-82.37259,26,3122.19
20-A-IB,29.63424,-82.3726,27,3506.93
20-A-IB,29.634031,-82.377699,28,4000.3
20-A-IB,29.63399,-82.3798,29,4203.41
20-A-IB,29.63401,-82.38204,30,4419.92
20-A-IB,29.63404,-82.3828,31,4493.45
20-A-IB,29.63412,-82.38359,32,4570.32
20-A-IB,29.63419,-82.38406,33,4616.41
20-A-IB,29.63436,-82.38488,34,4697.89
20-A-IB,29.63455,-82.38564,35,4774.32
20-A-IB,29.63468,-82.38606,36,4817.41
20-A-IB,29.63482,-82.38644,37,4857.3
20-A-IB,29.63515,-82.38721,38,4940.27
20-A-IB,29.635408,-82.387756,39,5000.34
20-A-IB,29.63588,-82.38866,40,5102.26
20-A-IB,29.63625,-82.38924,41,5171.79
20-A-IB,29.63644,-82.38943,42,5199.79
20-A-IB,29.63715,-82.39055,43,5333.76
20-A-IB,29.63717,-82.39065,44,5343.68
20-A-IB,29.63767,-82.39149,45,5442.08
20-A-IB,29.63866,-82.39302,46,5626.42
20-A-IB,29.63883,-82.3933,47,5659.43
20-A-IB,29.63898,-82.39359,48,5692.05
20-A-IB,29.63931,-82.39432,49,5771.57
20-A-IB,29.63955,-82.39504,50,5846.1
20-A-IB,29.63969,-82.39559,51,5901.49
20-A-IB,29.63975,-82.39591,52,5933.12
20-A-IB,29.639838,-82.396598,53,6000.33
20-A-IB,29.6399,-82.39727,54,6065.64
20-A-IB,29.63989,-82.39827,55,6162.29
20-A-IB,29.63978,-82.39831,56,6175.12
20-A-IB,29.63786,-82.39833,57,6388.63
20-A-IB,29.63786,-82.3974,58,6478.51
20-A-IB,29.63783,-82.39737,59,6482.93
20-A-IB,29.63781,-82.39729,60,6490.97
20-A-IB,29.63784,-82.39721,61,6499.39
20-A-IB,29.6379,-82.39716,62,6507.63
20-A-IB,29.63794,-82.39716,63,6512.08
20-A-IB,29.638,-82.39719,64,6519.35
20-A-IB,29.63805,-82.39729,65,6530.5
20-A-IB,29.63803,-82.39736,66,6537.62
20-A-IB,29.63799,-82.39741,67,6544.19
20-A-IB,29.63802,-82.3977,68,6572.42
20-A-IB,29.63803,-82.39825,69,6625.59
20-A-IB,29.63978,-82.39822,70,6820.2
20-A-IB,29.63989,-82.39827,71,6833.35
20-A-IB,29.641392,-82.39826,72,7000.37
20-A-IB,29.64218,-82.39825,73,7087.99
20-A-IB,29.64262,-82.39827,74,7136.96
20-A-IB,29.64296,-82.39831,75,7174.96
20-A-IB,29.64351,-82.39849,76,7238.54
20-A-IB,29.64406,-82.39877,77,7305.42
20-A-IB,29.64424,-82.39888,78,7328.08
20-A-IB,29.64672,-82.4009,79,7665.95
20-A-IB,29.6482,-82.40213,80,7868.96
20-A-IB,29.64845,-82.40238,81,7905.79
20-A-IB,29.6486,-82.40256,82,7929.88
20-A-IB,29.648981,-82.403143,83,8000.38
20-A-IB,29.64917,-82.40349,84,8039.95
20-A-IB,29.64927,-82.40372,85,8064.8
20-A-IB,29.64943,-82.40421,86,8115.39
20-A-IB,29.64949,-82.40445,87,8139.52
20-A-IB,29.64964,-82.40539,88,8231.88
20-A-IB,29.64985,-82.40693,89,8382.51
20-A-IB,29.64988,-82.40712,90,8401.18
20-A-IB,29.64993,-82.4073,91,8419.44
20-A-IB,29.65006,-82.40763,92,8454.45
20-A-IB,29.65015,-82.40779,93,8472.87
20-A-IB,29.6503,-82.40803,94,8501.44
20-A-IB,29.6505,-82.40827,95,8533.57
20-A-IB,29.65092,-82.40861,96,8590.67
20-A-IB,29.65107,-82.40869,97,8609.05
20-A-IB,29.65138,-82.40881,98,8645.42
20-A-IB,29.65161,-82.40886,99,8671.45
20-A-IB,29.654569,-82.40888,100,9000.48
20-A-IB,29.65621,-82.40888,101,9182.95
20-A-IB,29.6562,-82.40733,102,9332.73
20-A-IB,29.65623,-82.40709,103,9356.16
20-A-IB,29.65627,-82.40697,104,9368.58
20-A-IB,29.65637,-82.40677,105,9390.88
20-A-IB,29.65653,-82.40659,106,9415.76
20-A-IB,29.65662,-82.40651,107,9428.4
20-A-IB,29.65679,-82.40641,108,9449.63
20-A-IB,29.65702,-82.40636,109,9475.66
20-A-IB,29.65735,-82.40638,110,9512.4
20-A-IB,29.65863,-82.40653,111,9655.47
20-A-IB,29.65931,-82.40651,112,9731.11
20-A-IB,29.65967,-82.40653,113,9771.18
20-A-IB,29.659677,-82.4089,114,10000.19
20-A-IB,29.65652,-82.40888,115,10351.24
23-A-IB,29.67953,-82.4319,1,0
23-A-IB,29.67953,-82.43199,2,8.69
23-A-IB,29.67946,-82.43207,3,19.66
23-A-IB,29.67912,-82.43209,4,57.52
23-A-IB,29.67902,-82.43205,5,69.29
23-A-IB,29.67881,-82.43179,6,103.59
23-A-IB,29.67878,-82.43175,7,108.69
23-A-IB,29.67875,-82.43162,8,121.69
23-A-IB,29.67786,-82.43161,9,220.65
23-A-IB,29.67785,-82.43033,10,344.32
23-A-IB,29.67577,-82.43032,11,575.61
23-A-IB,29.67555,-82.43029,12,600.24
23-A-IB,29.67504,-82.43012,13,659.28
23-A-IB,29.6748,-82.43006,14,686.59
23-A-IB,29.67432,-82.43004,15,740.0
23-A-IB,29.67432,-82.43121,16,853.03
23-A-IB,29.6743,-82.4314,17,871.52
23-A-IB,29.674306,-82.43273,18,1000.02
23-A-IB,29.67436,-82.43687,19,1400.04
23-A-IB,29.67436,-82.43925,20,1629.98
23-A-IB,29.67333,-82.43924,21,1744.51
23-A-IB,29.67265,-82.43926,22,1820.15
23-A-IB,29.67204,-82.43926,23,1887.98
23-A-IB,29.67194,-82.43924,24,1899.26
23-A-IB,29.67173,-82.43925,25,1922.63
23-A-IB,29.67144,-82.43922,26,1955.01
23-A-IB,29.671043,-82.439127,27,2000.06
23-A-IB,29.6708,-82.43903,28,2028.66
23-A-IB,29.67046,-82.43883,29,2071.12
23-A-IB,29.67032,-82.43873,30,2089.44
23-A-IB,29.67,-82.43844,31,2134.73
23-A-IB,29.66982,-82.43825,32,2161.89
23-A-IB,29.66889,-82.43698,33,2322.36
23-A-IB,29.66776,-82.43556,34,2508.4
23-A-IB,29.66703,-82.43484,35,2615.3
23-A-IB,29.66665,-82.43452,36,2667.66
23-A-IB,29.6661,-82.43415,37,2738.5
23-A-IB,29.66551,-82.43389,38,2808.75
23-A-IB,29.66485,-82.43367,39,2885.15
23-A-IB,29.66399,-82.43356,40,2981.37
23-A-IB,29.663822,-82.433558,41,3000.05
23-A-IB,29.66329,-82.43355,42,3059.21
23-A-IB,29.66241,-82.43357,43,3157.08
23-A-IB,29.66027,-82.43356,44,3395.04
23-A-IB,29.66027,-82.43153,45,3591.19
23-A-IB,29.66024,-82.4309,46,3652.16
23-A-IB,29.66015,-82.43029,47,3711.94
23-A-IB,29.65998,-82.42955,48,3785.9
23-A-IB,29.65987,-82.42915,49,3826.44
23-A-IB,29.65975,-82.42854,50,3886.87
23-A-IB,29.6597,-82.42817,51,3923.05
23-A-IB,29.659676,-82.427374,52,4000.02
23-A-IB,29.65964,-82.4239,53,4335.72
23-A-IB,29.65965,-82.42301,54,4421.72
23-A-IB,29.6596,-82.42192,55,4527.19
23-A-IB,29.65956,-82.42032,56,4681.86
23-A-IB,29.65957,-82.41904,57,4805.55
23-A-IB,29.65955,-82.41779,58,4926.35
23-A-IB,29.659558,-82.417038,59,4999.02
23-A-IB,29.659559,-82.417048,60,4999.99
23-A-IB,29.65956,-82.41707,61,5002.12
23-A-IB,29.65959,-82.4142,62,5279.46
23-A-IB,29.65955,-82.4089,63,5791.59
23-A-IB,29.657676,-82.40888,64,5999.98
23-A-IB,29.65441,-82.40888,65,6363.15
23-A-IB,29.65291,-82.40886,66,6529.95
23-A-IB,29.65169,-82.40887,67,6665.61
23-A-IB,29.65138,-82.40881,68,6700.56
23-A-IB,29.65107,-82.40869,69,6736.93
23-A-IB,29.65092,-82.40861,70,6755.32
23-A-IB,29.65053,-82.40829,71,6808.58
23-A-IB,29.65041,-82.40817,72,6826.26
23-A-IB,29.6503,-82.40803,73,6844.5
23-A-IB,29.65006,-82.40763,74,6891.47
23-A-IB,29.64993,-82.4073,75,6926.48
23-A-IB,29.64988,-82.40712,76,6944.74
23-A-IB,29.649799,-82.406555,77,7000.08
23-A-IB,29.64951,-82.40454,78,7197.43
23-A-IB,29.64943,-82.40421,79,7230.54
23-A-IB,29.64927,-82.40372,80,7281.12
23-A-IB,29.64917,-82.40349,81,7305.98
23-A-IB,29.64893,-82.40305,82,7356.18
23-A-IB,29.64869,-82.40268,83,7400.79
23-A-IB,29.64845,-82.40238,84,7440.2
23-A-IB,29.6482,-82.40213,85,7477.03
23-A-IB,29.64799,-82.40195,86,7506.15
23-A-IB,29.644372,-82.398984,87,8000.12
23-A-IB,29.64424,-82.39888,88,8017.9
23-A-IB,29.64406,-82.39877,89,8040.57
23-A-IB,29.64351,-82.39849,90,8107.44
23-A-IB,29.64296,-82.39831,91,8171.03
23-A-IB,29.64262,-82.39827,92,8209.03
23-A-IB,29.64218,-82.39825,93,8257.99
23-A-IB,29.64004,-82.39826,94,8495.95
23-A-IB,29.63989,-82.39827,95,8512.66
23-A-IB,29.63978,-82.39831,96,8525.49
23-A-IB,29.6372,-82.39835,97,8812.4
23-A-IB,29.6369,-82.39833,98,8845.81
23-A-IB,29.63663,-82.39829,99,8876.08
23-A-IB,29.63639,-82.39823,100,8903.39
23-A-IB,29.63606,-82.39813,101,8941.34
23-A-IB,29.635579,-82.39788,102,9000.03
23-A-IB,29.63554,-82.39786,103,9004.77
23-A-IB,29.63553,-82.39782,104,9008.8
23-A-IB,29.63496,-82.39752,105,9078.5
23-A-IB,29.63399,-82.39685,106,9204.3
23-A-IB,29.63201,-82.3954,107,9465.29
23-A-IB,29.63123,-82.39481,108,9569.09
23-A-IB,29.63061,-82.39429,109,9654.4
23-A-IB,29.63028,-82.39395,110,9703.66
23-A-IB,29.63007,-82.39366,111,9740.14
23-A-IB,29.62974,-82.39315,112,9801.6
23-A-IB,29.62948,-82.3927,113,9853.82
23-A-IB,29.62919,-82.39199,114,9929.65
23-A-IB,29.6291,-82.39173,115,9956.7
23-A-IB,29.628982,-82.391302,116,10000.1
23-A-IB,29.62888,-82.3907,117,10059.38
23-A-IB,29.62885,-82.3906,118,10069.6
23-A-IB,29.62883,-82.38931,119,10194.31
23-A-IB,29.6288,-82.38869,120,10254.33
23-A-IB,29.6288,-82.38815,121,10306.52
23-A-IB,29.62875,-82.38764,122,10356.13
23-A-IB,29.62862,-82.38701,123,10418.71
23-A-IB,29.62848,-82.38661,124,10460.39
23-A-IB,29.6283,-82.38626,125,10499.7
23-A-IB,29.62814,-82.38601,126,10529.71
23-A-IB,29.62792,-82.38575,127,10564.78
23-A-IB,29.62777,-82.38561,128,10586.26
23-A-IB,29.62696,-82.38492,129,10698.33
23-A-IB,29.62685,-82.38485,130,10712.31
23-A-IB,29.62682,-82.38492,131,10719.85
23-A-IB,29.62653,-82.38536,132,10773.22
23-A-IB,29.62604,-82.38616,133,10867.82
23-A-IB,29.62594,-82.38641,134,10894.42
23-A-IB,29.62586,-82.38678,135,10931.27
23-A-IB,29.625241,-82.38679,136,11000.11
23-A-IB,29.62512,-82.38679,137,11013.56
23-A-IB,29.62503,-82.38675,138,11024.29
23-A-IB,29.62502,-82.38685,139,11034.02
23-A-IB,29.62502,-82.38704,140,11052.39
23-A-IB,29.62508,-82.38705,141,11059.13
23-A-IB,29.62515,-82.3871,142,11068.29
23-A-IB,29.62517,-82.38719,143,11077.27
23-A-IB,29.62518,-82.38803,144,11158.47
23-A-OB,29.62518,-82.38775,1,0
23-A-OB,29.62518,-82.38812,2,35.76
23-A-OB,29.6252,-82.38817,3,41.08
23-A-OB,29.62524,-82.38821,4,46.98
23-A-OB,29.62542,-82.38823,5,67.09
23-A-OB,29.62567,-82.38823,6,94.88
23-A-OB,29.62579,-82.38817,7,109.43
23-A-OB,29.62579,-82.38678,8,243.79
23-A-OB,29.62588,-82.38634,9,287.48
23-A-OB,29.62601,-82.38606,10,318.16
23-A-OB,29.62611,-82.38592,11,335.68
23-A-OB,29.62692,-82.3846,12,491.85
23-A-OB,29.62798,-82.38545,13,635.53
23-A-OB,29.62824,-82.38573,14,675.13
23-A-OB,29.62862,-82.38633,15,746.89
23-A-OB,29.6287,-82.38652,16,767.29
23-A-OB,29.62876,-82.38672,17,787.74
23-A-OB,29.62884,-82.38714,18,829.3
23-A-OB,29.6289,-82.38851,19,961.89
23-A-OB,29.62889,-82.388905,20,1000.08
23-A-OB,29.62891,-82.39011,21,1116.57
23-A-OB,29.6289,-82.39058,22,1162.01
23-A-OB,29.62888,-82.3907,23,1173.82
23-A-OB,29.62899,-82.39135,24,1237.83
23-A-OB,29.62919,-82.39199,25,1303.57
23-A-OB,29.62935,-82.39239,26,1346.13
23-A-OB,29.62948,-82.3927,27,1379.39
23-A-OB,29.62974,-82.39315,28,1431.62
23-A-OB,29.63007,-82.39366,29,1493.07
23-A-OB,29.63028,-82.39395,30,1529.55
23-A-OB,29.63061,-82.39429,31,1578.81
23-A-OB,29.63081,-82.39447,32,1607.05
23-A-OB,29.63123,-82.39481,33,1664.15
23-A-OB,29.63201,-82.3954,34,1767.95
23-A-OB,29.633771,-82.396689,35,2000.04
23-A-OB,29.63496,-82.39752,36,2154.73
23-A-OB,29.6353,-82.39771,37,2196.76
23-A-OB,29.63548,-82.3978,38,2218.59
23-A-OB,29.63553,-82.39782,39,2224.47
23-A-OB,29.63556,-82.39781,40,2227.95
23-A-OB,29.6363,-82.39812,41,2315.52
23-A-OB,29.63671,-82.39822,42,2362.12
23-A-OB,29.6371,-82.39827,43,2405.75
23-A-OB,29.63978,-82.39822,44,2703.8
23-A-OB,29.63989,-82.39827,45,2716.95
23-A-OB,29.64171,-82.39825,46,2919.33
23-A-OB,29.642436,-82.39826,47,3000.06
23-A-OB,29.64296,-82.39831,48,3058.53
23-A-OB,29.64319,-82.39838,49,3084.98
23-A-OB,29.64351,-82.39849,50,3122.12
23-A-OB,29.64406,-82.39877,51,3189.0
23-A-OB,29.64424,-82.39888,52,3211.66
23-A-OB,29.64799,-82.40195,53,3723.42
23-A-OB,29.6482,-82.40213,54,3752.53
23-A-OB,29.64845,-82.40238,55,3789.36
23-A-OB,29.64869,-82.40268,56,3828.77
23-A-OB,29.64893,-82.40305,57,3873.38
23-A-OB,29.64917,-82.40349,58,3923.58
23-A-OB,29.64927,-82.40372,59,3948.44
23-A-OB,29.649433,-82.404221,60,4000.13
23-A-OB,29.64951,-82.40454,61,4032.13
23-A-OB,29.64985,-82.40693,62,4266.16
23-A-OB,29.64988,-82.40712,63,4284.82
23-A-OB,29.64993,-82.4073,64,4303.08
23-A-OB,29.65006,-82.40763,65,4338.1
23-A-OB,29.6503,-82.40803,66,4385.07
23-A-OB,29.65041,-82.40817,67,4403.31
23-A-OB,29.65053,-82.40829,68,4420.98
23-A-OB,29.65092,-82.40861,69,4474.25
23-A-OB,29.65107,-82.40869,70,4492.63
23-A-OB,29.65138,-82.40881,71,4529.0
23-A-OB,29.65169,-82.40887,72,4563.95
23-A-OB,29.65291,-82.40886,73,4699.61
23-A-OB,29.655614,-82.40888,74,5000.29
23-A-OB,29.65968,-82.40887,75,5452.41
23-A-OB,29.659718,-82.41454,76,6000.3
23-A-OB,29.65971,-82.41579,77,6121.08
23-A-OB,29.65969,-82.41643,78,6182.97
23-A-OB,29.65972,-82.42001,79,6528.9
23-A-OB,29.65977,-82.42207,80,6728.03
23-A-OB,29.659785,-82.424889,81,7000.42
23-A-OB,29.65981,-82.4279,82,7291.38
23-A-OB,29.65986,-82.42841,83,7340.97
23-A-OB,29.6599,-82.42866,84,7365.53
23-A-OB,29.66022,-82.42997,85,7497.02
23-A-OB,29.66034,-82.43056,86,7555.57
23-A-OB,29.66039,-82.43113,87,7610.93
23-A-OB,29.6604,-82.43153,88,7649.59
23-A-OB,29.6604,-82.43357,89,7846.71
23-A-OB,29.661782,-82.43357,90,8000.38
23-A-OB,29.66329,-82.43355,91,8168.07
23-A-OB,29.66399,-82.43356,92,8245.91
23-A-OB,29.66484,-82.43367,93,8341.03
23-A-OB,29.66551,-82.43389,94,8418.5
23-A-OB,29.6661,-82.43415,95,8488.75
23-A-OB,29.66665,-82.43452,96,8559.59
23-A-OB,29.66703,-82.43484,97,8611.95
23-A-OB,29.66776,-82.43556,98,8718.85
23-A-OB,29.66889,-82.43698,99,8904.89
23-A-OB,29.669444,-82.437736,100,9000.44
23-A-OB,29.66982,-82.43825,101,9065.36
23-A-OB,29.67,-82.43844,102,9092.52
23-A-OB,29.67032,-82.43873,103,9137.81
23-A-OB,29.67062,-82.43893,104,9176.36
23-A-OB,29.6708,-82.43903,105,9198.58
23-A-OB,29.67102,-82.43912,106,9224.55
23-A-OB,29.671302,-82.439192,107,9256.66
23-A-OB,29.67173,-82.43925,108,9304.58
23-A-OB,29.67194,-82.43924,109,9327.96
23-A-OB,29.67204,-82.43926,110,9339.24
23-A-OB,29.67333,-82.43924,111,9482.7
23-A-OB,29.67436,-82.43925,112,9597.23
23-A-OB,29.67436,-82.43687,113,9827.17
23-A-OB,29.674338,-82.435075,114,10000.6
23-A-OB,29.6743,-82.4314,115,10355.68
23-A-OB,29.67428,-82.43124,116,10371.3
23-A-OB,29.67426,-82.4307,117,10423.51
23-A-OB,29.67425,-82.43003,118,10488.25
23-A-OB,29.6748,-82.43006,119,10549.48
23-A-OB,29.67504,-82.43012,120,10576.79
23-A-OB,29.67555,-82.43029,121,10635.83
23-A-OB,29.67577,-82.43032,122,10660.46
23-A-OB,29.67785,-82.43033,123,10891.75
23-A-OB,29.677858,-82.431456,124,11000.53
23-A-OB,29.67786,-82.43161,125,11015.41
23-A-OB,29.67953,-82.4316,126,11201.11
23-A-OB,29.67954,-82.4319,127,11230.12
55-A-OB,29.67955,-82.43187,1,0
55-A-OB,29.67955,-82.43197,2,9.66
55-A-OB,29.67945,-82.43209,3,25.72
55-A-OB,29.6791,-82.43209,4,64.64
55-A-OB,29.67886,-82.43184,5,100.64
55-A-OB,29.67871,-82.43163,6,126.9
55-A-OB,29.67785,-82.43164,7,222.53
55-A-OB,29.67784,-82.43032,8,350.06
55-A-OB,29.6808,-82.43033,9,679.2
55-A-OB,29.683684,-82.43031,10,999.89
55-A-OB,29.68877,-82.43029,11,1565.43
55-A-OB,29.68874,-82.425793,12,1999.85
55-A-OB,29.68872,-82.4237,13,2202.04
55-A-OB,29.68871,-82.415441,14,2999.84
55-A-OB,29.68871,-82.405089,15,3999.83
55-A-OB,29.68863,-82.39933,16,4556.21
55-A-OB,29.6886,-82.394739,17,4999.71
55-A-OB,29.68859,-82.38877,18,5576.3
55-A-OB,29.688616,-82.384386,19,5999.8
55-A-OB,29.68862,-82.38219,20,6211.93
55-A-OB,29.688585,-82.374035,21,6999.7
55-A-OB,29.68859,-82.37214,22,7182.75
55-A-OB,29.68857,-82.3708,23,7312.22
55-A-OB,29.68862,-82.3706,24,7332.32
55-A-OB,29.68863,-82.36969,25,7420.23
55-A-OB,29.68859,-82.363692,26,7999.65
55-A-OB,29.68856,-82.35996,27,8360.17
55-A-OB,29.68853,-82.3585,28,8501.24
55-A-OB,29.68851,-82.353341,29,8999.6
55-A-OB,29.68853,-82.342989,30,9999.58
55-A-OB,29.68853,-82.34054,31,10236.15
55-A-OB,29.68851,-82.33893,32,10391.69
55-A-OB,29.68853,-82.332638,33,10999.5
55-A-OB,29.68853,-82.33088,34,11169.32
55-A-OB,29.6881,-82.33079,35,11217.91
55-A-OB,29.68741,-82.33076,36,11294.69
55-A-OB,29.681073,-82.33076,37,11999.33
55-A-OB,29.67594,-82.33076,38,12570.1
55-A-OB,29.67382,-82.33078,39,12805.84
55-A-OB,29.67208,-82.330816,40,12999.35
55-A-OB,29.66937,-82.33085,41,13300.71
55-A-OB,29.663088,-82.330887,42,13999.24
55-A-OB,29.66309,-82.33089,43,13999.61
55-A-OB,29.66299,-82.33089,44,14010.73
55-A-OB,29.66292,-82.33089,45,14018.51
55-A-OB,29.66235,-82.33089,46,14081.89
55-A-OB,29.66224,-82.33089,47,14094.12
55-A-OB,29.66209,-82.33089,48,14110.8
55-A-OB,29.66181,-82.33089,49,14141.94
55-A-OB,29.66173,-82.3309,50,14150.88
55-A-OB,29.66163,-82.3309,51,14162.0
55-A-OB,29.66147,-82.3309,52,14179.8
55-A-OB,29.66122,-82.3309,53,14207.59
55-A-OB,29.66114,-82.3309,54,14216.49
55-A-OB,29.66106,-82.3309,55,14225.39
55-A-OB,29.66086,-82.33091,56,14247.65
55-A-OB,29.66081,-82.33091,57,14253.2
55-A-OB,29.66071,-82.33091,58,14264.32
55-A-OB,29.66062,-82.33091,59,14274.33
55-A-OB,29.66044,-82.3309,60,14294.37
55-A-OB,29.66018,-82.33091,61,14323.3
55-A-OB,29.66011,-82.33091,62,14331.08
55-A-OB,29.65994,-82.33091,63,14349.98
55-A-OB,29.65978,-82.3309,64,14367.8
55-A-OB,29.65969,-82.33089,65,14377.86
55-A-OB,29.65952,-82.33088,66,14396.78
55-A-OB,29.65941,-82.33087,67,14409.05
55-A-OB,29.6593,-82.33088,68,14421.32
55-A-OB,29.65902,-82.33088,69,14452.46
55-A-OB,29.65877,-82.33088,70,14480.26
55-A-OB,29.65811,-82.33087,71,14553.65
55-A-OB,29.65752,-82.33084,72,14619.32
55-A-OB,29.65748,-82.33083,73,14623.87
55-A-OB,29.65741,-82.33083,74,14631.65
55-A-OB,29.65736,-82.33083,75,14637.21
55-A-OB,29.65683,-82.33082,76,14696.16
55-A-OB,29.65656,-82.33082,77,14726.18
55-A-OB,29.65605,-82.33082,78,14782.89
55-A-OB,29.65574,-82.33082,79,14817.36
55-A-OB,29.65565,-82.33082,80,14827.37
55-A-OB,29.65556,-82.33082,81,14837.37
55-A-OB,29.65469,-82.33083,82,14934.12
55-A-OB,29.65391,-82.33083,83,15020.85
55-A-OB,29.65388,-82.33083,84,15024.19
55-A-OB,29.65384,-82.33083,85,15028.63
55-A-OB,29.65384,-82.33075,86,15036.36
55-A-OB,29.65384,-82.3307,87,15041.2
55-A-OB,29.65386,-82.33058,88,15053.0
55-A-OB,29.65343,-82.33058,89,15100.82
55-A-OB,29.65339,-82.33058,90,15105.26
55-A-OB,29.65279,-82.33059,91,15171.99
55-A-OB,29.65276,-82.33058,92,15175.46
55-A-OB,29.65274,-82.33056,93,15178.41
55-A-OB,29.65273,-82.33052,94,15182.43
55-A-OB,29.65273,-82.3305,95,15184.36
55-A-OB,29.65273,-82.33048,96,15186.3
55-A-OB,29.65273,-82.33032,97,15201.76
55-A-OB,29.65273,-82.33011,98,15222.05
55-A-OB,29.65273,-82.33001,99,15231.71
55-A-IB,29.65273,-82.3301,1,0
55-A-IB,29.65272,-82.3299,2,19.36
55-A-IB,29.65272,-82.32987,3,22.26
55-A-IB,29.65276,-82.32987,4,26.71
55-A-IB,29.65286,-82.32986,5,37.87
55-A-IB,29.65322,-82.32986,6,77.9
55-A-IB,29.65324,-82.32986,7,80.12
55-A-IB,29.65333,-82.32986,8,90.13
55-A-IB,29.65338,-82.32986,9,95.69
55-A-IB,29.65339,-82.33051,10,158.51
55-A-IB,29.65339,-82.33058,11,165.27
55-A-IB,29.65343,-82.33058,12,169.72
55-A-IB,29.65386,-82.33058,13,217.53
55-A-IB,29.65384,-82.3307,14,229.34
55-A-IB,29.65384,-82.33075,15,234.17
55-A-IB,29.65384,-82.33083,16,241.9
55-A-IB,29.65391,-82.33083,17,249.69
55-A-IB,29.65469,-82.33083,18,336.42
55-A-IB,29.65556,-82.33082,19,433.16
55-A-IB,29.65565,-82.33082,20,443.17
55-A-IB,29.65574,-82.33082,21,453.18
55-A-IB,29.65605,-82.33082,22,487.65
55-A-IB,29.65656,-82.33082,23,544.36
55-A-IB,29.65683,-82.33082,24,574.38
55-A-IB,29.65736,-82.33083,25,633.32
55-A-IB,29.65741,-82.33083,26,638.88
55-A-IB,29.65748,-82.33083,27,646.67
55-A-IB,29.65752,-82.33084,28,651.22
55-A-IB,29.65811,-82.33087,29,716.89
55-A-IB,29.65877,-82.33088,30,790.28
55-A-IB,29.65902,-82.33088,31,818.08
55-A-IB,29.6593,-82.33088,32,849.22
55-A-IB,29.65941,-82.33087,33,861.48
55-A-IB,29.65952,-82.33088,34,873.75
55-A-IB,29.65969,-82.33089,35,892.68
55-A-IB,29.65978,-82.3309,36,902.74
55-A-IB,29.65994,-82.33091,37,920.55
55-A-IB,29.66011,-82.33091,38,939.46
55-A-IB,29.66018,-82.33091,39,947.24
55-A-IB,29.660204,-82.330909,40,949.91
55-A-IB,29.669195,-82.33085,41,1949.68
55-A-IB,29.67477,-82.33077,42,2569.64
55-A-IB,29.678187,-82.33076,43,2949.59
55-A-IB,29.687181,-82.33076,44,3949.68
55-A-IB,29.68787,-82.33077,45,4026.3
55-A-IB,29.6881,-82.33079,46,4051.95
55-A-IB,29.68853,-82.33088,47,4100.55
55-A-IB,29.68851,-82.33859,48,4845.32
55-A-IB,29.68852,-82.339668,49,4949.46
55-A-IB,29.68853,-82.34549,50,5511.86
55-A-IB,29.68851,-82.350019,51,5949.36
55-A-IB,29.68852,-82.35716,52,6639.17
55-A-IB,29.688561,-82.360371,53,6949.38
55-A-IB,29.68863,-82.36859,54,7743.36
55-A-IB,29.68862,-82.3706,55,7937.53
55-A-IB,29.688644,-82.370719,56,7949.33
55-A-IB,29.68871,-82.37161,57,8035.71
55-A-IB,29.68875,-82.381066,58,8949.15
55-A-IB,29.68876,-82.38326,59,9161.09
55-A-IB,29.68873,-82.38619,60,9444.15
55-A-IB,29.68874,-82.38834,61,9651.83
55-A-IB,29.68872,-82.38918,62,9733.01
55-A-IB,29.68873,-82.391416,63,9949.0
55-A-IB,29.68875,-82.39811,64,10595.64
55-A-IB,29.688802,-82.401767,65,10948.94
55-A-IB,29.68885,-82.40567,66,11326.0
55-A-IB,29.68884,-82.412119,67,11948.97
55-A-IB,29.688843,-82.422471,68,12948.95
55-A-IB,29.6889,-82.43029,69,13704.28
55-A-IB,29.6867,-82.4303,70,13948.91
55-A-IB,29.68269,-82.43031,71,14394.8
55-A-IB,29.6808,-82.43033,72,14604.97
55-A-IB,29.67784,-82.43032,73,14934.11
55-A-IB,29.67784,-82.430474,74,14948.98
55-A-IB,29.67785,-82.43164,75,15061.64
55-A-IB,29.67955,-82.43162,76,15250.68
55-A-IB,29.67955,-82.43193,77,15280.63
75-A-IB,29.62518,-82.38776,1,0
75-A-IB,29.62518,-82.38812,2,34.8
75-A-IB,29.6252,-82.38817,3,40.12
75-A-IB,29.62524,-82.38821,4,46.01
75-A-IB,29.62542,-82.38823,5,66.12
75-A-IB,29.62567,-82.38823,6,93.92
75-A-IB,29.62579,-82.38817,7,108.47
75-A-IB,29.62579,-82.38678,8,242.82
75-A-IB,29.62512,-82.38679,9,317.33
75-A-IB,29.62503,-82.38675,10,328.06
75-A-IB,29.62502,-82.38685,11,337.79
75-A-IB,29.62502,-82.38784,12,433.48
75-A-IB,29.62505,-82.38803,13,452.15
75-A-IB,29.62513,-82.3883,14,479.72
75-A-IB,29.62524,-82.38839,15,494.73
75-A-IB,29.62541,-82.38847,16,515.15
75-A-IB,29.62544,-82.3885,17,519.57
75-A-IB,29.62549,-82.38862,18,532.43
75-A-IB,29.62547,-82.38872,19,542.35
75-A-IB,29.62544,-82.38877,20,548.23
75-A-IB,29.62544,-82.38923,21,592.69
75-A-IB,29.62548,-82.39239,22,898.16
75-A-IB,29.625543,-82.393441,23,999.99
75-A-IB,29.62555,-82.39419,24,1072.39
75-A-IB,29.62528,-82.39421,25,1102.48
75-A-IB,29.62291,-82.39425,26,1366.04
75-A-IB,29.6229,-82.39381,27,1408.59
75-A-IB,29.62292,-82.39365,28,1424.21
75-A-IB,29.62301,-82.3934,29,1450.37
75-A-IB,29.62307,-82.39332,30,1460.58
75-A-IB,29.6231,-82.39321,31,1471.72
75-A-IB,29.62312,-82.39301,32,1491.18
75-A-IB,29.62311,-82.39142,33,1644.88
75-A-IB,29.62306,-82.39108,34,1678.21
75-A-IB,29.623,-82.39093,35,1694.17
75-A-IB,29.62289,-82.39076,36,1714.66
75-A-IB,29.62273,-82.39059,37,1738.87
75-A-IB,29.62225,-82.39025,38,1801.55
75-A-IB,29.62183,-82.38998,39,1855.05
75-A-IB,29.620671,-82.389293,40,2000.03
75-A-IB,29.62053,-82.38923,41,2016.85
75-A-IB,29.62028,-82.38918,42,2045.07
75-A-IB,29.61863,-82.38918,43,2228.54
75-A-IB,29.61821,-82.38919,44,2275.25
75-A-IB,29.618,-82.38926,45,2299.56
75-A-IB,29.61782,-82.38927,46,2319.6
75-A-IB,29.61662,-82.38929,47,2453.05
75-A-IB,29.61641,-82.38937,48,2477.65
75-A-IB,29.61623,-82.38938,49,2497.69
75-A-IB,29.61605,-82.38937,50,2517.72
75-A-IB,29.61574,-82.38926,51,2553.8
75-A-IB,29.61514,-82.39041,52,2683.45
75-A-IB,29.613707,-82.393243,53,3000.3
75-A-IB,29.609066,-82.402105,54,4000.43
75-A-IB,29.60817,-82.40381,55,4193.03
75-A-IB,29.608158,-82.403798,56,4194.8
75-A-IB,29.604417,-82.410938,57,5000.73
75-A-IB,29.599764,-82.419789,58,6000.71
75-A-IB,29.59955,-82.42019,59,6046.2
75-A-IB,29.60007,-82.42057,60,6114.71
75-A-IB,29.60043,-82.42093,61,6167.75
75-A-IB,29.60109,-82.42181,62,6280.11
75-A-IB,29.60139,-82.4221,63,6323.69
75-A-IB,29.60158,-82.42224,64,6348.78
75-A-IB,29.60192,-82.42243,65,6390.81
75-A-IB,29.60228,-82.42256,66,6432.77
75-A-IB,29.60255,-82.42261,67,6463.18
75-A-IB,29.60276,-82.42263,68,6486.61
75-A-IB,29.60346,-82.42263,69,6564.45
75-A-IB,29.60362,-82.42264,70,6582.26
75-A-IB,29.60369,-82.42266,71,6590.28
75-A-IB,29.607384,-82.42265,72,7001.04
75-A-IB,29.616377,-82.422522,73,8001.09
75-A-IB,29.61812,-82.42254,74,8194.91
75-A-IB,29.61953,-82.42253,75,8351.7
75-A-IB,29.61961,-82.42251,76,8360.8
75-A-IB,29.62031,-82.42249,77,8438.66
75-A-IB,29.62194,-82.42247,78,8619.92
75-A-IB,29.62276,-82.42249,79,8711.12
75-A-IB,29.62296,-82.42251,80,8733.45
75-A-IB,29.625369,-82.4225,81,9001.32
75-A-IB,29.63051,-82.42247,82,9572.98
75-A-IB,29.6305,-82.4206,83,9753.72
75-A-IB,29.63053,-82.41983,84,9828.22
75-A-IB,29.63061,-82.41924,85,9885.94
75-A-IB,29.63075,-82.41864,86,9945.98
75-A-IB,29.630927,-82.418105,87,10001.31
75-A-IB,29.63106,-82.41776,88,10037.79
75-A-IB,29.63131,-82.41725,89,10094.38
75-A-IB,29.63173,-82.41661,90,10171.89
75-A-IB,29.63195,-82.41631,91,10209.83
75-A-IB,29.6325,-82.4157,92,10294.77
75-A-IB,29.63272,-82.41551,93,10325.36
75-A-IB,29.63318,-82.41517,94,10386.16
75-A-IB,29.63342,-82.41502,95,10416.53
75-A-IB,29.63485,-82.41426,96,10591.68
75-A-IB,29.63703,-82.41302,97,10862.1
75-A-IB,29.63729,-82.41286,98,10894.88
75-A-IB,29.63748,-82.41272,99,10919.97
75-A-IB,29.63781,-82.41247,100,10963.91
75-A-IB,29.638076,-82.412234,101,11001.26
75-A-IB,29.63822,-82.41209,102,11022.47
75-A-IB,29.63863,-82.41161,103,11087.51
75-A-IB,29.63886,-82.41129,104,11127.65
75-A-IB,29.63913,-82.41084,105,11180.49
75-A-IB,29.63928,-82.41056,106,11212.28
75-A-IB,29.63945,-82.41019,107,11252.73
75-A-IB,29.63968,-82.40954,108,11320.56
75-A-IB,29.63982,-82.40894,109,11380.6
75-A-IB,29.63989,-82.40853,110,11420.98
75-A-IB,29.63993,-82.40798,111,11474.32
75-A-IB,29.63994,-82.40721,112,11548.74
75-A-IB,29.64118,-82.4072,113,11686.63
75-A-IB,29.64147,-82.40721,114,11718.89
75-A-IB,29.6417,-82.40726,115,11744.92
75-A-IB,29.64183,-82.40731,116,11760.16
75-A-IB,29.64205,-82.40745,117,11788.11
75-A-IB,29.643691,-82.408592,118,12001.36
75-A-IB,29.64448,-82.40911,119,12102.38
75-A-IB,29.64474,-82.40934,120,12138.84
75-A-IB,29.64497,-82.4097,121,12182.02
75-A-IB,29.64507,-82.40998,122,12211.28
75-A-IB,29.6451,-82.41013,123,12226.15
75-A-IB,29.64512,-82.41136,124,12345.04
75-A-IB,29.64511,-82.41199,125,12405.93
75-A-IB,29.64515,-82.4121,126,12417.46
75-A-IB,29.64517,-82.41224,127,12431.17
75-A-IB,29.64512,-82.41249,128,12455.96
75-A-IB,29.64512,-82.41365,129,12568.06
75-A-IB,29.6451,-82.41445,130,12645.41
75-A-IB,29.645111,-82.418134,131,13001.43
75-A-IB,29.64513,-82.42242,132,13415.64
75-A-IB,29.64889,-82.42242,133,13833.73
75-A-IB,29.64903,-82.42237,134,13850.03
75-A-IB,29.65013,-82.42236,135,13972.35
75-A-IB,29.65023,-82.42242,136,13984.89
75-A-IB,29.65038,-82.42242,137,14001.57
75-A-IB,29.65336,-82.42241,138,14332.93
75-A-IB,29.653282,-82.417317,139,14825.15
75-A-IB,29.65326,-82.41674,140,14880.96
75-A-IB,29.653258,-82.415492,141,15001.56
75-A-IB,29.65324,-82.41459,142,15088.75
75-A-IB,29.65322,-82.4144,143,15107.24
75-A-IB,29.65336,-82.41438,144,15122.93
75-A-IB,29.65347,-82.4144,145,15135.31
75-A-IB,29.6536,-82.41446,146,15150.89
75-A-IB,29.65552,-82.41608,147,15415.62
75-A-IB,29.65582,-82.41641,148,15461.77
75-A-IB,29.65594,-82.4166,149,15484.47
75-A-IB,29.65607,-82.41699,150,15524.83
75-A-IB,29.65612,-82.41734,151,15559.1
75-A-IB,29.65613,-82.41852,152,15673.13
75-A-IB,29.6562,-82.421918,153,16001.57
75-A-IB,29.65621,-82.4224,154,16048.16
75-A-IB,29.65963,-82.42238,155,16428.45
75-A-IB,29.6596,-82.42192,156,16473.02
75-A-IB,29.65956,-82.42032,157,16627.69
75-A-IB,29.659555,-82.41645,158,17001.63
75-A-IB,29.65959,-82.41556,159,17087.72
75-A-IB,29.65959,-82.4137,160,17267.44
75-A-IB,29.65957,-82.41289,161,17345.74
75-A-IB,29.65955,-82.40887,162,17734.19
75-A-IB,29.657145,-82.408871,163,18001.61
75-A-IB,29.65573,-82.40889,164,18158.96
75-A-IB,29.65371,-82.40888,165,18383.58
75-A-IB,29.65333,-82.40892,166,18426.01
75-A-IB,29.65333,-82.40956,167,18487.85
75-A-IB,29.65372,-82.40956,168,18531.22
75-A-IB,29.65372,-82.40923,169,18563.11
75-A-IB,29.65408,-82.40923,170,18603.14
75-A-IB,29.65407,-82.40956,171,18635.05
75-A-IB,29.65333,-82.40959,172,18717.38
75-A-IB,29.65332,-82.40887,173,18786.97
75-A-IB,29.655252,-82.40887,174,19001.79
75-A-IB,29.65802,-82.40887,175,19309.58
75-A-OB,29.65793,-82.40887,1,0
75-A-OB,29.65968,-82.40887,2,194.59
75-A-OB,29.65972,-82.41414,3,703.83
75-A-OB,29.65971,-82.41579,4,863.27
75-A-OB,29.65969,-82.41643,5,925.15
75-A-OB,29.659697,-82.417205,6,1000.04
75-A-OB,29.65972,-82.42001,7,1271.09
75-A-OB,29.65975,-82.42084,8,1351.35
75-A-OB,29.65977,-82.42244,9,1505.97
75-A-OB,29.65963,-82.42238,10,1522.58
75-A-OB,29.655335,-82.4224,11,2000.17
75-A-OB,29.65023,-82.42242,12,2567.82
75-A-OB,29.65012,-82.42247,13,2580.97
75-A-OB,29.64903,-82.42248,14,2702.18
75-A-OB,29.64889,-82.42242,15,2718.79
75-A-OB,29.646359,-82.42242,16,3000.23
75-A-OB,29.64513,-82.42242,17,3136.89
75-A-OB,29.6451,-82.41445,18,3907.12
75-A-OB,29.64512,-82.413487,19,4000.21
75-A-OB,29.64512,-82.41249,20,4096.56
75-A-OB,29.64509,-82.41239,21,4106.78
75-A-OB,29.64507,-82.41219,22,4126.24
75-A-OB,29.64511,-82.41199,23,4146.07
75-A-OB,29.64512,-82.41158,24,4185.71
75-A-OB,29.64511,-82.41023,25,4316.18
75-A-OB,29.64507,-82.40998,26,4340.74
75-A-OB,29.64497,-82.4097,27,4370.0
75-A-OB,29.64474,-82.40934,28,4413.18
75-A-OB,29.64448,-82.40911,29,4449.64
75-A-OB,29.64358,-82.40852,30,4564.82
75-A-OB,29.64224,-82.40758,31,4739.33
75-A-OB,29.64183,-82.40731,32,4791.86
75-A-OB,29.6417,-82.40726,33,4807.1
75-A-OB,29.64147,-82.40721,34,4833.13
75-A-OB,29.64118,-82.4072,35,4865.39
75-A-OB,29.639967,-82.40721,36,5000.28
75-A-OB,29.63994,-82.40721,37,5003.28
75-A-OB,29.63993,-82.40798,38,5077.7
75-A-OB,29.63989,-82.40853,39,5131.04
75-A-OB,29.63982,-82.40894,40,5171.43
75-A-OB,29.63968,-82.40954,41,5231.47
75-A-OB,29.63945,-82.41019,42,5299.29
75-A-OB,29.63928,-82.41056,43,5339.74
75-A-OB,29.63892,-82.4112,44,5413.42
75-A-OB,29.63863,-82.41161,45,5464.5
75-A-OB,29.63822,-82.41209,46,5529.55
75-A-OB,29.63803,-82.41228,47,5557.54
75-A-OB,29.63781,-82.41247,48,5588.13
75-A-OB,29.63729,-82.41286,49,5657.15
75-A-OB,29.63485,-82.41426,50,5960.33
75-A-OB,29.634523,-82.414432,51,6000.31
75-A-OB,29.63342,-82.41502,52,6135.49
75-A-OB,29.63318,-82.41517,53,6165.86
75-A-OB,29.63272,-82.41551,54,6226.65
75-A-OB,29.6325,-82.4157,55,6257.24
75-A-OB,29.63195,-82.41631,56,6342.19
75-A-OB,29.63173,-82.41661,57,6380.13
75-A-OB,29.63131,-82.41725,58,6457.64
75-A-OB,29.63106,-82.41776,59,6514.23
75-A-OB,29.63086,-82.41829,60,6570.07
75-A-OB,29.63075,-82.41864,61,6606.05
75-A-OB,29.63061,-82.41924,62,6666.09
75-A-OB,29.63053,-82.41983,63,6723.81
75-A-OB,29.63051,-82.42024,64,6763.5
75-A-OB,29.63051,-82.42247,65,6979.04
75-A-OB,29.630316,-82.42247,66,7000.61
75-A-OB,29.62296,-82.42251,67,7818.57
75-A-OB,29.62276,-82.42254,68,7840.99
75-A-OB,29.62226,-82.42256,69,7896.63
75-A-OB,29.621325,-82.42257,70,8000.6
75-A-OB,29.61992,-82.42256,71,8156.83
75-A-OB,29.61961,-82.42255,72,8191.31
75-A-OB,29.61951,-82.42253,73,8202.6
75-A-OB,29.61784,-82.42255,74,8388.3
75-A-OB,29.615792,-82.42254,75,8616.03
75-A-OB,29.612332,-82.422586,76,9000.79
75-A-OB,29.60663,-82.42266,77,9634.87
75-A-OB,29.60369,-82.42266,78,9961.78
75-A-OB,29.60364,-82.42271,79,9969.15
75-A-OB,29.603355,-82.422718,80,10000.85
75-A-OB,29.60263,-82.42273,81,10081.47
75-A-OB,29.60241,-82.4227,82,10106.11
75-A-OB,29.60208,-82.42262,83,10143.61
75-A-OB,29.60191,-82.42256,84,10163.38
75-A-OB,29.60161,-82.4224,85,10200.15
75-A-OB,29.60129,-82.42218,86,10241.61
75-A-OB,29.60101,-82.4219,87,10282.86
75-A-OB,29.60035,-82.42102,88,10395.22
75-A-OB,29.60009,-82.42073,89,10435.5
75-A-OB,29.59997,-82.42062,90,10452.56
75-A-OB,29.59938,-82.42024,91,10527.75
75-A-OB,29.601582,-82.416049,92,11001.18
75-A-OB,29.606229,-82.40719,93,12001.47
75-A-OB,29.610884,-82.398338,94,13001.6
75-A-OB,29.61316,-82.39399,95,13492.24
75-A-OB,29.61431,-82.39161,96,13755.46
75-A-OB,29.615457,-82.389432,97,14001.63
75-A-OB,29.61563,-82.38911,98,14038.22
75-A-OB,29.6158,-82.38914,99,14057.34
75-A-OB,29.61614,-82.38925,100,14096.61
75-A-OB,29.61628,-82.38924,101,14112.21
75-A-OB,29.61661,-82.38918,102,14149.36
75-A-OB,29.61677,-82.38918,103,14167.15
75-A-OB,29.61691,-82.38916,104,14182.84
75-A-OB,29.61821,-82.38919,105,14327.42
75-A-OB,29.62028,-82.38918,106,14557.6
75-A-OB,29.62053,-82.38923,107,14585.81
75-A-OB,29.62073,-82.38932,108,14609.69
75-A-OB,29.62183,-82.38998,109,14747.65
75-A-OB,29.62225,-82.39025,110,14801.15
75-A-OB,29.62273,-82.39059,111,14863.83
75-A-OB,29.62295,-82.39084,112,14898.21
75-A-OB,29.62306,-82.39108,113,14924.44
75-A-OB,29.62311,-82.39142,114,14957.77
75-A-OB,29.623111,-82.391874,115,15001.65
75-A-OB,29.62312,-82.39301,116,15111.47
75-A-OB,29.6231,-82.39321,117,15130.93
75-A-OB,29.62307,-82.3933,118,15140.24
75-A-OB,29.6231,-82.39344,119,15154.18
75-A-OB,29.62301,-82.39371,120,15182.13
75-A-OB,29.623,-82.39406,121,15215.98
75-A-OB,29.62457,-82.39406,122,15390.56
75-A-OB,29.6254,-82.39404,123,15482.87
75-A-OB,29.62534,-82.39084,124,15792.25
75-A-OB,29.62533,-82.38902,125,15968.17
75-A-OB,29.62526,-82.38881,126,15989.91
75-A-OB,29.62518,-82.38873,127,16001.7
75-A-OB,29.62516,-82.38861,128,16013.51
75-A-OB,29.6252,-82.38851,129,16024.15
75-A-OB,29.62524,-82.38847,130,16030.04
75-A-OB,29.62534,-82.38844,131,16041.54
75-A-OB,29.62538,-82.38845,132,16046.09
75-A-OB,29.62548,-82.38844,133,16057.25
75-A-OB,29.62579,-82.38839,134,16092.06
75-A-OB,29.62579,-82.38678,135,16247.68
75-A-OB,29.62512,-82.38679,136,16322.18
75-A-OB,29.62503,-82.38675,137,16332.91
75-A-OB,29.62502,-82.38704,138,16360.97
75-A-OB,29.62508,-82.38705,139,16367.71
75-A-OB,29.62515,-82.3871,140,16376.87
75-A-OB,29.62517,-82.38719,141,16385.85
75-A-OB,29.62518,-82.38792,142,16456.42
76-A-IB,29.62842,-82.43628,1,0
76-A-IB,29.6279,-82.43683,2,78.55
76-A-IB,29.6277,-82.43702,3,107.39
76-A-IB,29.62887,-82.43857,4,305.81
76-A-IB,29.6291,-82.43886,5,343.75
76-A-IB,29.6292,-82.43894,6,357.3
76-A-IB,29.62921,-82.43898,7,361.32
76-A-IB,29.62948,-82.43912,8,394.25
76-A-IB,29.62977,-82.43919,9,427.2
76-A-IB,29.6301,-82.43919,10,463.89
76-A-IB,29.63016,-82.43916,11,471.17
76-A-IB,29.63027,-82.43915,12,483.44
76-A-IB,29.63036,-82.43912,13,493.86
76-A-IB,29.63037,-82.43909,14,496.96
76-A-IB,29.6304,-82.43907,15,500.82
76-A-IB,29.63042,-82.43898,16,509.8
76-A-IB,29.63047,-82.43845,17,561.32
76-A-IB,29.63055,-82.4381,18,596.3
76-A-IB,29.63056,-82.43796,19,609.88
76-A-IB,29.63056,-82.43618,20,781.92
76-A-IB,29.63051,-82.43458,21,936.67
76-A-IB,29.63052,-82.433925,22,999.99
76-A-IB,29.63054,-82.43326,23,1064.3
76-A-IB,29.63054,-82.42979,24,1399.69
76-A-IB,29.63051,-82.423583,25,1999.63
76-A-IB,29.63051,-82.42247,26,2107.21
76-A-IB,29.6371,-82.42246,27,2839.98
76-A-IB,29.63745,-82.42237,28,2879.86
76-A-IB,29.63757,-82.42236,29,2893.24
76-A-IB,29.63772,-82.42232,30,2910.36
76-A-IB,29.63785,-82.42224,31,2926.76
76-A-IB,29.63795,-82.42214,32,2941.49
76-A-IB,29.63802,-82.42203,33,2954.66
76-A-IB,29.63803,-82.421568,34,2999.33
76-A-IB,29.63804,-82.42127,35,3028.15
76-A-IB,29.63802,-82.41933,36,3215.66
76-A-IB,29.63802,-82.41537,37,3598.38
76-A-IB,29.63797,-82.41505,38,3629.8
76-A-IB,29.63787,-82.41475,39,3660.86
76-A-IB,29.63765,-82.41429,40,3711.6
76-A-IB,29.63759,-82.41424,41,3719.84
76-A-IB,29.63703,-82.41302,42,3853.18
76-A-IB,29.63729,-82.41286,43,3885.97
76-A-IB,29.63781,-82.41247,44,3954.99
76-A-IB,29.638121,-82.412189,45,3998.96
76-A-IB,29.63842,-82.41186,46,4044.97
76-A-IB,29.63875,-82.41145,47,4098.97
76-A-IB,29.63907,-82.41095,48,4158.98
76-A-IB,29.63928,-82.41056,49,4203.32
76-A-IB,29.63945,-82.41019,50,4243.77
76-A-IB,29.63968,-82.40954,51,4311.59
76-A-IB,29.63982,-82.40894,52,4371.64
76-A-IB,29.63991,-82.40833,53,4431.43
76-A-IB,29.63995,-82.40723,54,4537.83
76-A-IB,29.63993,-82.40605,55,4651.9
76-A-IB,29.639924,-82.40246,56,4998.85
76-A-IB,29.6399,-82.39983,57,5253.05
76-A-IB,29.63987,-82.39975,58,5261.47
76-A-IB,29.63985,-82.39819,59,5412.25
76-A-IB,29.64131,-82.39817,60,5574.6
76-A-IB,29.6414,-82.39823,61,5586.17
76-A-IB,29.64209,-82.39821,62,5662.92
76-A-IB,29.64269,-82.39825,63,5729.75
76-A-IB,29.64348,-82.39848,64,5820.36
76-A-IB,29.64392,-82.39868,65,5872.97
76-A-IB,29.64433,-82.39896,66,5925.98
76-A-IB,29.64443,-82.39898,67,5937.27
76-A-IB,29.644885,-82.399344,68,5998.89
76-A-IB,29.64752,-82.40152,69,6359.54
76-A-IB,29.64757,-82.40159,70,6368.3
76-A-IB,29.648197,-82.402127,71,6455.21
76-A-IB,29.64847,-82.4024,72,6495.43
76-A-IB,29.64873,-82.40274,73,6539.19
76-A-IB,29.64906,-82.40326,74,6601.41
76-A-IB,29.64927,-82.40372,75,6651.63
76-A-IB,29.64943,-82.4042,76,6701.31
76-A-IB,29.64951,-82.40453,77,6734.41
76-A-IB,29.64968,-82.40566,78,6845.24
76-A-IB,29.64976,-82.4063,79,6907.72
76-A-IB,29.649922,-82.407224,80,6998.81
76-A-IB,29.65001,-82.40754,81,7030.88
76-A-IB,29.65008,-82.40761,82,7041.19
76-A-IB,29.65032,-82.408,83,7087.37
76-A-IB,29.65054,-82.40826,84,7122.44
76-A-IB,29.65079,-82.40847,85,7156.85
76-A-IB,29.65099,-82.4086,86,7182.4
76-A-IB,29.65134,-82.40875,87,7223.93
76-A-IB,29.65171,-82.40883,88,7265.79
76-A-IB,29.65282,-82.40883,89,7389.21
76-A-IB,29.65333,-82.40886,90,7446.0
76-A-IB,29.653399,-82.408903,91,7454.72
76-A-IB,29.65371,-82.40888,92,7489.38
76-A-IB,29.65573,-82.40889,93,7713.99
76-A-IB,29.658291,-82.40887,94,7998.77
76-A-IB,29.65955,-82.40887,95,8138.76
76-A-IB,29.65954,-82.40357,96,8650.88
76-A-IB,29.65945,-82.4024,97,8764.38
76-A-IB,29.65935,-82.40158,98,8844.39
76-A-IB,29.65974,-82.40154,99,8887.93
76-A-IB,29.660738,-82.40154,100,8998.9
76-A-IB,29.66296,-82.40154,101,9245.97
76-A-IB,29.664835,-82.4015,102,9454.5
76-A-IB,29.66727,-82.40152,103,9725.27
76-A-IB,29.669731,-82.401478,104,9998.95
76-A-IB,29.67104,-82.40147,105,10144.5
76-A-IB,29.67413,-82.40153,106,10488.14
76-A-IB,29.67414,-82.40282,107,10612.78
76-A-IB,29.67411,-82.40392,108,10719.11
76-A-IB,29.674125,-82.406818,109,10999.09
76-A-IB,29.67423,-82.4153,110,11818.64
76-A-IB,29.67423,-82.417168,111,11999.11
76-A-IB,29.67423,-82.41931,112,12206.06
76-A-IB,29.6742,-82.42021,113,12293.07
76-A-IB,29.67408,-82.42259,114,12523.39
76-A-IB,29.67406,-82.42362,115,12622.93
76-A-IB,29.6741,-82.4248,116,12737.02
76-A-IB,29.674263,-82.427507,117,12999.18
76-A-IB,29.67428,-82.42859,118,13103.82
76-A-IB,29.67432,-82.42865,119,13111.13
76-A-IB,29.67432,-82.43004,120,13245.42
76-A-IB,29.6748,-82.43006,121,13298.83
76-A-IB,29.67504,-82.43012,122,13326.14
76-A-IB,29.67555,-82.43029,123,13385.18
76-A-IB,29.67577,-82.43032,124,13409.81
76-A-IB,29.67785,-82.43033,125,13641.1
76-A-IB,29.67786,-82.43161,126,13764.76
76-A-IB,29.67957,-82.43162,127,13954.91
76-A-IB,29.67954,-82.43162,128,13958.25
76-A-IB,29.67953,-82.43191,129,13986.28
76-A-OB,29.67957,-82.43182,1,0
76-A-OB,29.67953,-82.43198,2,16.08
76-A-OB,29.67945,-82.43209,3,29.94
76-A-OB,29.67928,-82.43211,4,48.94
76-A-OB,29.67904,-82.43209,5,75.7
76-A-OB,29.67871,-82.43163,6,133.33
76-A-OB,29.67786,-82.43163,7,227.85
76-A-OB,29.67785,-82.43033,8,353.44
76-A-OB,29.67577,-82.43032,9,584.73
76-A-OB,29.67555,-82.43029,10,609.37
76-A-OB,29.67504,-82.43012,11,668.41
76-A-OB,29.6748,-82.43006,12,695.71
76-A-OB,29.67425,-82.43003,13,756.94
76-A-OB,29.67425,-82.42865,14,890.27
76-A-OB,29.67428,-82.42859,15,896.95
76-A-OB,29.67426,-82.427523,16,1000.06
76-A-OB,29.67423,-82.42672,17,1077.71
76-A-OB,29.6741,-82.4248,18,1263.77
76-A-OB,29.67406,-82.42362,19,1377.86
76-A-OB,29.67408,-82.42259,20,1477.4
76-A-OB,29.6742,-82.42021,21,1707.72
76-A-OB,29.67423,-82.41931,22,1794.74
76-A-OB,29.67423,-82.417184,23,2000.13
76-A-OB,29.67422,-82.41354,24,2352.19
76-A-OB,29.674125,-82.406833,25,3000.25
76-A-OB,29.67411,-82.40392,26,3281.69
76-A-OB,29.67408,-82.40392,27,3285.03
76-A-OB,29.67411,-82.40392,28,3288.36
76-A-OB,29.67414,-82.40282,29,3394.69
76-A-OB,29.67413,-82.40153,30,3519.32
76-A-OB,29.67211,-82.4015,31,3743.96
76-A-OB,29.67115,-82.40147,32,3850.74
76-A-OB,29.669805,-82.401478,33,4000.3
76-A-OB,29.66723,-82.40152,34,4286.66
76-A-OB,29.66459,-82.4015,35,4580.22
76-A-OB,29.66296,-82.40154,36,4761.51
76-A-OB,29.660812,-82.40154,37,5000.35
76-A-OB,29.65974,-82.40154,38,5119.55
76-A-OB,29.65955,-82.40169,39,5145.17
76-A-OB,29.65951,-82.40181,40,5157.59
76-A-OB,29.65962,-82.40276,41,5250.2
76-A-OB,29.65967,-82.40367,42,5338.31
76-A-OB,29.65968,-82.40887,43,5840.76
76-A-OB,29.658244,-82.40887,44,6000.44
76-A-OB,29.65573,-82.40889,45,6279.99
76-A-OB,29.65371,-82.40888,46,6504.61
76-A-OB,29.65333,-82.40892,47,6547.04
76-A-OB,29.65212,-82.4089,48,6681.6
76-A-OB,29.6519,-82.40891,49,6706.08
76-A-OB,29.65154,-82.40888,50,6746.21
76-A-OB,29.6514,-82.40885,51,6762.05
76-A-OB,29.65106,-82.40872,52,6801.89
76-A-OB,29.65075,-82.40853,53,6840.94
76-A-OB,29.6505,-82.40831,54,6875.94
76-A-OB,29.65021,-82.40796,55,6922.67
76-A-OB,29.65012,-82.4078,56,6941.09
76-A-OB,29.65004,-82.40763,57,6959.77
76-A-OB,29.649923,-82.407231,58,7000.46
76-A-OB,29.64976,-82.4063,59,7092.24
76-A-OB,29.64968,-82.40566,60,7154.72
76-A-OB,29.64951,-82.40453,61,7265.54
76-A-OB,29.64943,-82.4042,62,7298.65
76-A-OB,29.64927,-82.40372,63,7348.33
76-A-OB,29.64906,-82.40326,64,7398.54
76-A-OB,29.64873,-82.40274,65,7460.77
76-A-OB,29.64847,-82.4024,66,7504.53
76-A-OB,29.64815,-82.40208,67,7551.67
76-A-OB,29.64757,-82.40159,68,7631.68
76-A-OB,29.6475,-82.40156,69,7639.99
76-A-OB,29.64655,-82.40081,70,7768.1
76-A-OB,29.64485,-82.399412,71,8000.45
76-A-OB,29.64438,-82.39904,72,8063.88
76-A-OB,29.64433,-82.39896,73,8073.4
76-A-OB,29.64392,-82.39868,74,8126.42
76-A-OB,29.64348,-82.39848,75,8179.02
76-A-OB,29.64269,-82.39825,76,8269.63
76-A-OB,29.64209,-82.39821,77,8336.46
76-A-OB,29.6414,-82.39823,78,8413.21
76-A-OB,29.64131,-82.39827,79,8423.94
76-A-OB,29.63993,-82.39829,80,8577.4
76-A-OB,29.63992,-82.39975,81,8718.51
76-A-OB,29.6399,-82.39983,82,8726.55
76-A-OB,29.639923,-82.402645,83,8998.62
76-A-OB,29.639914,-82.402628,84,9000.55
76-A-OB,29.63993,-82.40393,85,9126.39
76-A-OB,29.63997,-82.40504,86,9233.76
76-A-OB,29.63999,-82.40704,87,9427.06
76-A-OB,29.63994,-82.40715,88,9439.06
76-A-OB,29.63994,-82.40771,89,9493.18
76-A-OB,29.63991,-82.40833,90,9553.19
76-A-OB,29.63982,-82.40894,91,9612.99
76-A-OB,29.63968,-82.40954,92,9673.03
76-A-OB,29.63945,-82.41019,93,9740.86
76-A-OB,29.63928,-82.41056,94,9781.3
76-A-OB,29.63907,-82.41095,95,9825.64
76-A-OB,29.63875,-82.41145,96,9885.65
76-A-OB,29.63842,-82.41186,97,9939.66
76-A-OB,29.638033,-82.412277,98,9998.62
76-A-OB,29.63781,-82.41247,99,10029.64
76-A-OB,29.63748,-82.41272,100,10073.58
76-A-OB,29.63711,-82.41297,101,10121.29
76-A-OB,29.63767,-82.41421,102,10256.35
76-A-OB,29.63765,-82.41429,103,10264.39
76-A-OB,29.63793,-82.4149,104,10331.06
76-A-OB,29.63797,-82.41505,105,10346.23
76-A-OB,29.63802,-82.41537,106,10377.65
76-A-OB,29.63802,-82.41933,107,10760.37
76-A-OB,29.63804,-82.42127,108,10947.88
76-A-OB,29.63803,-82.421791,109,10998.25
76-A-OB,29.63803,-82.42187,110,11005.88
76-A-OB,29.63805,-82.4219,111,11009.53
76-A-OB,29.63806,-82.42215,112,11033.72
76-A-OB,29.6381,-82.42232,113,11050.74
76-A-OB,29.63815,-82.42237,114,11058.11
76-A-OB,29.63816,-82.42241,115,11062.13
76-A-OB,29.63815,-82.42252,116,11072.82
76-A-OB,29.63807,-82.42259,117,11084.0
76-A-OB,29.638,-82.42259,118,11091.78
76-A-OB,29.63786,-82.4225,119,11109.61
76-A-OB,29.63773,-82.42245,120,11124.85
76-A-OB,29.63051,-82.42247,121,11927.68
76-A-OB,29.63051,-82.423194,122,11997.66
76-A-OB,29.63054,-82.43326,123,12970.59
76-A-OB,29.63056,-82.4333,124,12975.05
76-A-OB,29.63057,-82.433533,125,12997.6
76-A-OB,29.63058,-82.43458,126,13098.8
76-A-OB,29.62993,-82.43459,127,13171.08
76-A-OB,29.62992,-82.43509,128,13219.42
76-A-OB,29.62962,-82.4351,129,13252.8
76-A-OB,29.62911,-82.43558,130,13326.06
76-A-OB,29.6283,-82.43641,131,13446.68
126-A-IB,29.64227,-82.366,1,0
126-A-IB,29.64228,-82.36411,2,182.66
126-A-IB,29.64244,-82.36407,3,200.86
126-A-IB,29.64271,-82.36394,4,233.41
126-A-IB,29.64291,-82.36381,5,258.95
126-A-IB,29.64313,-82.36362,6,289.54
126-A-IB,29.64324,-82.3635,7,306.4
126-A-IB,29.64346,-82.36319,8,345.07
126-A-IB,29.64456,-82.36141,9,556.15
126-A-IB,29.64478,-82.36102,10,601.08
126-A-IB,29.64485,-82.36085,11,619.26
126-A-IB,29.64492,-82.36058,12,646.49
126-A-IB,29.64496,-82.36018,13,685.4
126-A-IB,29.64494,-82.35927,14,773.37
126-A-IB,29.64493,-82.35718,15,975.35
126-A-IB,29.64509,-82.35718,16,993.14
126-A-IB,29.64515,-82.357195,17,999.97
126-A-IB,29.64526,-82.35724,18,1012.95
126-A-IB,29.64556,-82.35753,19,1056.52
126-A-IB,29.64574,-82.35767,20,1080.68
126-A-IB,29.64595,-82.3578,21,1107.2
126-A-IB,29.64637,-82.35798,22,1157.03
126-A-IB,29.6465,-82.35802,23,1171.99
126-A-IB,29.64666,-82.35804,24,1189.89
126-A-IB,29.64682,-82.35805,25,1207.71
126-A-IB,29.64734,-82.35804,26,1265.54
126-A-IB,29.648,-82.3579,27,1340.16
126-A-IB,29.6481,-82.35786,28,1351.93
126-A-IB,29.64825,-82.35776,29,1371.21
126-A-IB,29.64831,-82.35769,30,1380.71
126-A-IB,29.64845,-82.35746,31,1407.85
126-A-IB,29.64851,-82.35732,32,1422.93
126-A-IB,29.64853,-82.35721,33,1433.79
126-A-IB,29.64851,-82.35678,34,1475.41
126-A-IB,29.64856,-82.35654,35,1499.26
126-A-IB,29.64859,-82.35621,36,1531.32
126-A-IB,29.64856,-82.35597,37,1554.75
126-A-IB,29.64845,-82.35559,38,1593.46
126-A-IB,29.64837,-82.35523,39,1629.37
126-A-IB,29.64832,-82.35492,40,1659.84
126-A-IB,29.64829,-82.35456,41,1694.78
126-A-IB,29.648277,-82.351401,42,2000.06
126-A-IB,29.64827,-82.35085,43,2053.32
126-A-IB,29.6483,-82.35072,44,2066.32
126-A-IB,29.64836,-82.35055,45,2084.05
126-A-IB,29.64838,-82.35054,46,2086.47
126-A-IB,29.64843,-82.35044,47,2097.62
126-A-IB,29.64856,-82.35027,48,2119.5
126-A-IB,29.64861,-82.35017,49,2130.65
126-A-IB,29.64864,-82.35002,50,2145.53
126-A-IB,29.64863,-82.34662,51,2474.09
126-A-IB,29.6486,-82.34618,52,2516.74
126-A-IB,29.6486,-82.3451,53,2621.11
126-A-IB,29.64862,-82.34501,54,2630.09
126-A-IB,29.64876,-82.34484,55,2652.72
126-A-IB,29.64892,-82.34472,56,2673.96
126-A-IB,29.65114,-82.34473,57,2920.81
126-A-IB,29.65138,-82.34472,58,2947.52
126-A-IB,29.651851,-82.34475,59,2999.97
126-A-IB,29.65203,-82.34475,60,3019.87
126-A-IB,29.65202,-82.33938,61,3538.8
126-A-IB,29.651,-82.33939,62,3652.22
126-A-IB,29.65083,-82.33931,63,3672.64
126-A-IB,29.6502,-82.33933,64,3742.72
126-A-IB,29.65021,-82.33734,65,3935.03
126-A-IB,29.65019,-82.33722,66,3946.84
126-A-IB,29.65012,-82.33717,67,3956.0
126-A-IB,29.64996,-82.33713,68,3974.2
126-A-IB,29.649731,-82.33712,69,3999.69
126-A-IB,29.64974,-82.33712,70,4000.69
126-A-IB,29.64972,-82.33712,71,4002.91
126-A-IB,29.6494,-82.33712,72,4038.49
126-A-IB,29.64937,-82.33712,73,4041.83
126-A-IB,29.6493,-82.33712,74,4049.61
126-A-IB,29.64923,-82.33712,75,4057.4
126-A-IB,29.64852,-82.33712,76,4136.35
126-A-IB,29.64844,-82.33712,77,4145.24
126-A-IB,29.64837,-82.33712,78,4153.02
126-A-IB,29.64802,-82.33712,79,4191.94
126-A-IB,29.64758,-82.33711,80,4240.88
126-A-IB,29.64751,-82.33711,81,4248.66
126-A-IB,29.64718,-82.3371,82,4285.37
126-A-IB,29.64672,-82.33709,83,4336.53
126-A-IB,29.64664,-82.33709,84,4345.42
126-A-IB,29.64597,-82.33709,85,4419.92
126-A-IB,29.64574,-82.33708,86,4445.52
126-A-IB,29.64529,-82.33708,87,4495.55
126-A-IB,29.645,-82.33708,88,4527.8
126-A-IB,29.64498,-82.33708,89,4530.03
126-A-IB,29.6449,-82.33708,90,4538.92
126-A-IB,29.6449,-82.3368,91,4565.98
126-A-IB,29.6449,-82.33676,92,4569.85
126-A-IB,29.6449,-82.33654,93,4591.11
126-A-IB,29.6449,-82.33634,94,4610.43
126-A-IB,29.6449,-82.33626,95,4618.17
126-A-IB,29.6449,-82.33591,96,4651.99
126-A-IB,29.6449,-82.33577,97,4665.52
126-A-IB,29.64485,-82.33577,98,4671.08
126-A-IB,29.64482,-82.33577,99,4674.42
126-A-IB,29.64463,-82.33577,100,4695.54
126-A-IB,29.64418,-82.33578,101,4745.59
126-A-IB,29.64368,-82.33578,102,4801.19
126-A-IB,29.64364,-82.33578,103,4805.63
126-A-IB,29.64341,-82.33578,104,4831.21
126-A-IB,29.64333,-82.33581,105,4840.57
126-A-IB,29.64329,-82.33582,106,4845.12
126-A-IB,29.64324,-82.33584,107,4851.0
126-A-IB,29.6432,-82.33586,108,4855.85
126-A-IB,29.64316,-82.33588,109,4860.7
126-A-IB,29.64313,-82.3359,110,4864.56
126-A-IB,29.6431,-82.33592,111,4868.41
126-A-IB,29.64308,-82.33596,112,4872.87
126-A-IB,29.64306,-82.33598,113,4875.82
126-A-IB,29.64303,-82.33599,114,4879.29
126-A-IB,29.64301,-82.33599,115,4881.52
126-A-IB,29.64299,-82.33599,116,4883.74
126-A-IB,29.64296,-82.33599,117,4887.08
126-A-IB,29.64293,-82.33597,118,4890.93
126-A-IB,29.64291,-82.33595,119,4893.88
126-A-IB,29.64287,-82.33592,120,4899.19
126-A-IB,29.64284,-82.33591,121,4902.66
126-A-IB,29.64281,-82.33591,122,4906.0
126-A-IB,29.64278,-82.33591,123,4909.33
126-A-IB,29.64275,-82.33592,124,4912.8
126-A-IB,29.64272,-82.33592,125,4916.14
126-A-IB,29.64269,-82.33592,126,4919.48
126-A-IB,29.64267,-82.33592,127,4921.7
126-A-IB,29.64265,-82.33591,128,4924.13
126-A-IB,29.64263,-82.33589,129,4927.07
126-A-IB,29.64262,-82.33587,130,4929.3
126-A-IB,29.6426,-82.33583,131,4933.76
126-A-IB,29.6426,-82.33578,132,4938.59
126-A-IB,29.64261,-82.33575,133,4941.7
126-A-IB,29.64262,-82.33573,134,4943.93
126-A-IB,29.64264,-82.3357,135,4947.58
126-A-IB,29.64267,-82.33569,136,4951.06
126-A-IB,29.64269,-82.33568,137,4953.48
126-A-IB,29.64271,-82.33568,138,4955.7
126-A-IB,29.64275,-82.3357,139,4960.55
126-A-IB,29.64276,-82.3357,140,4961.67
126-A-IB,29.64279,-82.33573,141,4966.09
126-A-IB,29.64284,-82.33575,142,4971.97
126-A-IB,29.64289,-82.33576,143,4977.61
126-A-IB,29.64294,-82.33576,144,4983.17
126-A-IB,29.64297,-82.33576,145,4986.51
126-A-IB,29.64302,-82.33575,146,4992.15
126-A-IB,29.64304,-82.33576,147,4994.58
126-A-IB,29.64306,-82.33577,148,4997.0
126-A-IB,29.64309,-82.33581,149,5002.11
126-A-IB,29.64315,-82.3358,150,5008.85
126-A-IB,29.64318,-82.33579,151,5012.32
126-A-IB,29.64324,-82.33578,152,5019.06
126-A-IB,29.64332,-82.33576,153,5028.17
126-A-IB,29.64337,-82.33577,154,5033.81
126-A-IB,29.64341,-82.33578,155,5038.36
126-A-IB,29.64364,-82.33578,156,5063.94
126-A-IB,29.64368,-82.33578,157,5068.39
126-A-IB,29.64411,-82.33578,158,5116.2
126-A-OB,29.64407,-82.33577,1,0
126-A-OB,29.64489,-82.33576,2,91.18
126-A-OB,29.64491,-82.33938,3,441.03
126-A-OB,29.6448,-82.34011,4,512.63
126-A-OB,29.64478,-82.34047,5,547.49
126-A-OB,29.64479,-82.34115,6,613.22
126-A-OB,29.64481,-82.34141,7,638.44
126-A-OB,29.64482,-82.34351,8,841.39
126-A-OB,29.646247,-82.343518,9,1000.07
126-A-OB,29.64655,-82.34352,10,1033.76
126-A-OB,29.64578,-82.34527,11,1223.32
126-A-OB,29.6457,-82.34562,12,1258.29
126-A-OB,29.64568,-82.34635,13,1328.87
126-A-OB,29.64562,-82.34659,14,1353.01
126-A-OB,29.64552,-82.34675,15,1372.05
126-A-OB,29.64538,-82.34686,16,1390.9
126-A-OB,29.64527,-82.3469,17,1403.73
126-A-OB,29.64515,-82.34692,18,1417.21
126-A-OB,29.64488,-82.34691,19,1447.25
126-A-OB,29.64487,-82.34751,20,1505.25
126-A-OB,29.6449,-82.34913,21,1661.84
126-A-OB,29.64487,-82.34926,22,1674.84
126-A-OB,29.64487,-82.35033,23,1778.24
126-A-OB,29.644894,-82.352626,24,2000.14
126-A-OB,29.64494,-82.35782,25,2502.12
126-A-OB,29.64494,-82.35927,26,2642.25
126-A-OB,29.64496,-82.36002,27,2714.76
126-A-OB,29.64494,-82.36043,28,2754.45
126-A-OB,29.6449,-82.36068,29,2779.01
126-A-OB,29.64478,-82.36102,30,2814.48
126-A-OB,29.64456,-82.36141,31,2859.41
126-A-OB,29.643823,-82.362594,32,3000.15
126-A-OB,29.64335,-82.36336,33,3090.96
126-A-OB,29.64313,-82.36362,34,3126.03
126-A-OB,29.64291,-82.36381,35,3156.62
126-A-OB,29.64262,-82.36399,36,3193.26
126-A-OB,29.64243,-82.36407,37,3215.76
126-A-OB,29.64216,-82.36415,38,3246.76
126-A-OB,29.64204,-82.36417,39,3260.24
126-A-OB,29.64175,-82.36418,40,3292.5
126-A-OB,29.63764,-82.36417,41,3749.51
126-A-OB,29.63762,-82.366764,42,4000.23
126-A-OB,29.6377,-82.36805,43,4124.83
126-A-OB,29.6377,-82.3693,44,4245.64
126-A-OB,29.64224,-82.3693,45,4750.47
126-A-OB,29.64226,-82.366718,46,5000.01
126-A-OB,29.64227,-82.36601,47,5068.44
118-A-IB,29.63681,-82.3682,1,0
118-A-IB,29.63681,-82.36791,2,28.03
118-A-IB,29.63762,-82.36791,3,118.1
118-A-IB,29.63761,-82.36697,4,208.95
118-A-IB,29.63763,-82.36612,5,291.13
118-A-IB,29.63764,-82.36417,6,479.6
118-A-IB,29.64169,-82.36418,7,929.94
118-A-IB,29.64204,-82.36417,8,968.87
118-A-IB,29.642314,-82.364102,9,1000.04
118-A-IB,29.64262,-82.36399,10,1035.74
118-A-IB,29.64291,-82.36381,11,1072.38
118-A-IB,29.64313,-82.36362,12,1102.97
118-A-IB,29.64335,-82.36336,13,1138.04
118-A-IB,29.64456,-82.36141,14,1369.59
118-A-IB,29.64478,-82.36102,15,1414.52
118-A-IB,29.6449,-82.36068,16,1449.99
118-A-IB,29.64496,-82.36018,17,1498.76
118-A-IB,29.64494,-82.35927,18,1586.73
118-A-IB,29.64493,-82.35638,19,1866.03
118-A-IB,29.64491,-82.354993,20,2000.09
118-A-IB,29.64488,-82.3504,21,2443.97
118-A-IB,29.64597,-82.35034,22,2565.31
118-A-IB,29.6461,-82.35031,23,2580.05
118-A-IB,29.64621,-82.35025,24,2593.59
118-A-IB,29.6466,-82.34984,25,2652.33
118-A-IB,29.64669,-82.34978,26,2663.9
118-A-IB,29.6468,-82.34975,27,2676.47
118-A-IB,29.64703,-82.34973,28,2702.11
118-A-IB,29.64864,-82.34972,29,2881.14
118-A-IB,29.648633,-82.348489,30,3000.1
118-A-IB,29.64863,-82.34662,31,3180.72
118-A-IB,29.6486,-82.34618,32,3223.37
118-A-IB,29.6486,-82.34509,33,3328.7
118-A-IB,29.64862,-82.34501,34,3336.75
118-A-OB,29.64863,-82.34501,1,0
118-A-OB,29.64869,-82.34489,2,13.38
118-A-OB,29.64882,-82.34476,3,32.53
118-A-OB,29.64889,-82.34474,4,40.55
118-A-OB,29.64985,-82.34473,5,147.3
118-A-OB,29.65143,-82.34474,6,322.99
118-A-OB,29.65212,-82.34476,7,399.74
118-A-OB,29.65211,-82.34485,8,408.51
118-A-OB,29.65213,-82.34771,9,684.89
118-A-OB,29.65208,-82.34782,10,696.89
118-A-OB,29.6521,-82.3497,11,878.57
118-A-OB,29.651016,-82.34969,12,999.11
118-A-OB,29.65087,-82.3497,13,1015.37
118-A-OB,29.65076,-82.34973,14,1027.94
118-A-OB,29.65063,-82.3498,15,1043.9
118-A-OB,29.65048,-82.34991,16,1063.68
118-A-OB,29.65032,-82.3501,17,1089.25
118-A-OB,29.65018,-82.35018,18,1106.63
118-A-OB,29.65005,-82.35021,19,1121.37
118-A-OB,29.64994,-82.3502,20,1133.64
118-A-OB,29.64982,-82.35016,21,1147.53
118-A-OB,29.64894,-82.34973,22,1253.84
118-A-OB,29.64683,-82.34974,23,1488.47
118-A-OB,29.64672,-82.34977,24,1501.04
118-A-OB,29.64661,-82.34984,25,1515.01
118-A-OB,29.64628,-82.35021,26,1566.25
118-A-OB,29.64619,-82.35027,27,1577.81
118-A-OB,29.64603,-82.35034,28,1596.85
118-A-OB,29.64534,-82.35039,29,1673.72
118-A-OB,29.64488,-82.3504,30,1724.88
118-A-OB,29.644906,-82.353232,31,1998.58
118-A-OB,29.64496,-82.36018,32,2670.07
118-A-OB,29.64493,-82.36051,33,2702.13
118-A-OB,29.64487,-82.36079,34,2730.0
118-A-OB,29.6447,-82.36117,35,2771.31
118-A-OB,29.64458,-82.36139,36,2796.41
118-A-OB,29.643528,-82.363095,37,2998.48
118-A-OB,29.64324,-82.3635,38,3049.05
118-A-OB,29.64313,-82.36362,39,3065.91
118-A-OB,29.64291,-82.36381,40,3096.5
118-A-OB,29.64262,-82.36399,41,3133.13
118-A-OB,29.64243,-82.36407,42,3155.63
118-A-OB,29.64216,-82.36415,43,3186.63
118-A-OB,29.64204,-82.36417,44,3200.12
118-A-OB,29.64169,-82.36418,45,3239.05
118-A-OB,29.63764,-82.36417,46,3689.39
118-A-OB,29.63762,-82.36691,47,3954.21
118-A-OB,29.63764,-82.36698,48,3961.33
118-A-OB,29.637663,-82.367349,49,3997.09
118-A-OB,29.6377,-82.36805,50,4064.96
118-A-OB,29.6377,-82.3693,51,4185.77
118-A-OB,29.63681,-82.36929,52,4284.74
118-A-OB,29.63681,-82.36796,53,4413.28
52-A-IB,29.65503,-82.49248,1,0
52-A-IB,29.65603,-82.49249,2,111.2
52-A-IB,29.65602,-82.49172,3,185.61
52-A-IB,29.65605,-82.49088,4,266.85
52-A-IB,29.65605,-82.48907,5,441.75
52-A-IB,29.65609,-82.48885,6,463.47
52-A-IB,29.65622,-82.48868,7,485.35
52-A-IB,29.65634,-82.48841,8,514.65
52-A-IB,29.65605,-82.48826,9,550.01
52-A-IB,29.6559,-82.48821,10,567.37
52-A-IB,29.6556,-82.4882,11,600.75
52-A-IB,29.65549,-82.48815,12,613.9
52-A-IB,29.65539,-82.48804,13,629.28
52-A-IB,29.65526,-82.48795,14,646.15
52-A-IB,29.65516,-82.48792,15,657.64
52-A-IB,29.65508,-82.48792,16,666.54
52-A-IB,29.65481,-82.48787,17,696.94
52-A-IB,29.65463,-82.48782,18,717.53
52-A-IB,29.65435,-82.4877,19,750.76
52-A-IB,29.65482,-82.48641,20,885.92
52-A-IB,29.655236,-82.485331,21,999.99
52-A-IB,29.65603,-82.48328,22,1216.95
52-A-IB,29.65696,-82.4808,23,1477.95
52-A-IB,29.65872,-82.475791,24,2000.03
52-A-IB,29.6593,-82.47416,25,2170.32
52-A-IB,29.65954,-82.4734,26,2248.45
52-A-IB,29.65979,-82.4724,27,2349.0
52-A-IB,29.65884,-82.47239,28,2454.64
52-A-IB,29.653936,-82.472436,29,2999.95
52-A-IB,29.65196,-82.47245,30,3219.68
52-A-IB,29.65191,-82.47248,31,3225.95
52-A-IB,29.64845,-82.47252,32,3610.7
52-A-IB,29.64838,-82.4725,33,3618.72
52-A-IB,29.64816,-82.47251,34,3643.21
52-A-IB,29.64792,-82.4725,35,3669.91
52-A-IB,29.644952,-82.472534,36,3999.95
52-A-IB,29.635958,-82.472586,37,5000.05
52-A-IB,29.6308,-82.47262,38,5573.6
52-A-IB,29.630756,-82.468209,39,5999.97
52-A-IB,29.630647,-82.457863,40,7000.03
52-A-IB,29.63063,-82.45414,41,7359.88
52-A-IB,29.63062,-82.45348,42,7423.68
52-A-IB,29.6306,-82.4534,43,7431.72
52-A-IB,29.63059,-82.45313,44,7457.84
52-A-IB,29.63058,-82.44987,45,7772.94
52-A-IB,29.63056,-82.44838,46,7916.97
52-A-IB,29.6306,-82.44833,47,7923.54
52-A-IB,29.630593,-82.447539,48,8000.0
52-A-IB,29.63057,-82.44034,49,8695.81
52-A-IB,29.63048,-82.43986,50,8743.27
52-A-IB,29.63043,-82.43947,51,8781.38
52-A-IB,29.63043,-82.43937,52,8791.04
52-A-IB,29.63041,-82.4393,53,8798.16
52-A-IB,29.63038,-82.43927,54,8802.58
52-A-IB,29.63023,-82.43923,55,8819.71
52-A-IB,29.62967,-82.43917,56,8882.24
52-A-IB,29.62943,-82.4391,57,8909.78
52-A-IB,29.62925,-82.439,58,8932.0
52-A-IB,29.62896,-82.43879,59,8970.11
52-A-IB,29.62886,-82.43866,60,8986.88
52-A-IB,29.628799,-82.438544,61,8999.99
52-A-IB,29.62876,-82.43847,62,9008.35
52-A-IB,29.62842,-82.43802,63,9065.98
52-A-IB,29.6283,-82.43794,64,9081.4
52-A-IB,29.62809,-82.43765,65,9117.89
52-A-IB,29.62797,-82.43744,66,9142.18
52-A-IB,29.62768,-82.43704,67,9192.52
52-A-IB,29.62812,-82.43658,68,9258.63
52-A-IB,29.62864,-82.43607,69,9334.62
52-A-IB,29.6294,-82.43527,70,9449.16
52-A-IB,29.62961,-82.43511,71,9477.17
52-A-IB,29.6296,-82.4346,72,9526.48
52-A-IB,29.63003,-82.4346,73,9574.29
52-A-IB,29.63017,-82.43456,74,9590.33
52-A-IB,29.63054,-82.43455,75,9631.48
52-A-IB,29.63053,-82.430737,76,10000.03
52-A-IB,29.63054,-82.42978,77,10092.53
52-A-IB,29.63052,-82.427,78,10361.24
52-A-IB,29.630542,-82.427004,79,10363.72
52-A-IB,29.63052,-82.42626,80,10435.67
52-A-IB,29.6305,-82.420421,81,11000.04
52-A-IB,29.63053,-82.41983,82,11057.26
52-A-IB,29.63061,-82.41925,83,11114.02
52-A-IB,29.63076,-82.41861,84,11178.08
52-A-IB,29.63086,-82.41831,85,11209.14
52-A-IB,29.63127,-82.41732,86,11315.13
52-A-IB,29.631523,-82.416914,87,11363.42
52-A-IB,29.63195,-82.41629,88,11440.17
52-A-IB,29.63236,-82.41586,89,11501.86
52-A-IB,29.63273,-82.41553,90,11553.92
52-A-IB,29.63291,-82.41539,91,11578.08
52-A-IB,29.6337,-82.41489,92,11678.34
52-A-IB,29.635,-82.41416,93,11839.19
52-A-IB,29.63568,-82.4138,94,11922.43
52-A-IB,29.63572,-82.41374,95,11929.74
52-A-IB,29.636284,-82.413413,96,11999.96
52-A-IB,29.63679,-82.41312,97,12062.95
52-A-IB,29.63744,-82.4127,98,12145.85
52-A-IB,29.63793,-82.41231,99,12212.1
52-A-IB,29.63819,-82.41207,100,12249.17
52-A-IB,29.63864,-82.41155,101,12320.08
52-A-IB,29.63871,-82.41151,102,12328.78
52-A-IB,29.63923,-82.41066,103,12429.23
52-A-IB,29.63953,-82.40997,104,12503.8
52-A-IB,29.63968,-82.40955,105,12547.68
52-A-IB,29.63982,-82.40898,106,12604.93
52-A-IB,29.63989,-82.40851,107,12651.01
52-A-IB,29.63993,-82.40808,108,12692.81
52-A-IB,29.63995,-82.40725,109,12773.05
52-A-IB,29.63993,-82.404902,110,12999.99
52-A-IB,29.63993,-82.40284,111,13199.27
52-A-IB,29.6399,-82.39983,112,13490.19
52-A-IB,29.63987,-82.39975,113,13498.61
52-A-IB,29.63986,-82.39937,114,13535.35
52-A-IB,29.63983,-82.39692,115,13772.16
52-A-IB,29.63985,-82.39674,116,13789.69
52-A-IB,29.63982,-82.39634,117,13828.5
52-A-IB,29.63976,-82.39593,118,13868.68
52-A-IB,29.63962,-82.39526,119,13935.28
52-A-IB,29.63954,-82.39496,120,13965.6
52-A-IB,29.639429,-82.394628,121,13999.98
52-A-IB,29.63935,-82.39439,122,14024.6
52-A-IB,29.63901,-82.39362,123,14108.07
52-A-IB,29.63869,-82.39307,124,14172.04
52-A-IB,29.63831,-82.39247,125,14243.79
52-A-IB,29.63825,-82.39242,126,14252.03
52-A-IB,29.63814,-82.39228,127,14270.27
52-A-IB,29.63803,-82.39211,128,14290.75
52-A-IB,29.63783,-82.39173,129,14333.68
52-A-IB,29.63729,-82.39091,130,14433.11
52-A-IB,29.63591,-82.38869,131,14696.9
52-A-IB,29.63569,-82.38831,132,14741.03
52-A-IB,29.63515,-82.38721,133,14863.12
52-A-IB,29.63482,-82.38644,134,14946.1
52-A-IB,29.634648,-82.385919,135,14999.96
52-A-IB,29.63451,-82.3855,136,15043.27
52-A-IB,29.63442,-82.38515,137,15078.55
52-A-IB,29.63423,-82.38425,138,15168.06
52-A-IB,29.63406,-82.38305,139,15285.57
52-A-IB,29.63402,-82.382269,140,15361.19
52-A-IB,29.63401,-82.38084,141,15499.31
52-A-IB,29.63412,-82.38086,142,15511.69
52-A-IB,29.63446,-82.38086,143,15549.5
52-A-IB,29.63486,-82.38085,144,15593.98
52-A-IB,29.63517,-82.3808,145,15628.79
52-A-IB,29.6369,-82.38081,146,15821.16
52-A-IB,29.6374,-82.38079,147,15876.79
52-A-IB,29.63742,-82.38054,148,15901.06
52-A-IB,29.637389,-82.379517,149,15999.99
52-A-IB,29.63737,-82.37731,150,16213.3
52-A-IB,29.63736,-82.3769,151,16252.94
52-A-IB,29.63734,-82.37675,152,16267.61
52-A-IB,29.63735,-82.37642,153,16299.52
52-A-IB,29.63742,-82.37609,154,16332.35
52-A-IB,29.637549,-82.375835,155,16360.87
52-A-IB,29.63769,-82.37548,156,16398.59
52-A-IB,29.63773,-82.37513,157,16432.71
52-A-IB,29.63771,-82.37435,158,16508.12
52-A-IB,29.63766,-82.37425,159,16519.27
52-A-IB,29.63766,-82.37379,160,16563.73
52-A-IB,29.63762,-82.37352,161,16590.2
52-A-IB,29.637604,-82.36928,162,16999.99
52-A-IB,29.63763,-82.365551,163,17360.4
52-A-IB,29.63763,-82.35911,164,17982.91
52-A-IB,29.637644,-82.358934,165,17999.99
52-A-IB,29.63765,-82.35886,166,18007.17
52-A-IB,29.63782,-82.3588,167,18026.94
52-A-IB,29.63793,-82.35874,168,18040.48
52-A-IB,29.63809,-82.35856,169,18065.36
52-A-IB,29.63818,-82.35834,170,18088.86
52-A-IB,29.63821,-82.35802,171,18119.97
52-A-IB,29.63823,-82.355536,172,18360.05
52-A-IB,29.63829,-82.35479,173,18432.45
52-A-IB,29.6386,-82.35231,174,18674.6
52-A-IB,29.63871,-82.35185,175,18720.71
52-A-IB,29.63883,-82.35146,176,18760.7
52-A-IB,29.63934,-82.34995,177,18917.26
52-A-IB,29.639648,-82.34917,178,19000.06
52-A-IB,29.6397,-82.349,179,19017.48
52-A-IB,29.6397,-82.3487,180,19046.47
52-A-IB,29.63966,-82.34852,181,19064.43
52-A-IB,29.63952,-82.34807,182,19110.62
52-A-IB,29.6395,-82.34788,183,19129.12
52-A-IB,29.6395,-82.34774,184,19142.65
52-A-IB,29.63956,-82.34743,185,19173.34
52-A-IB,29.6396,-82.34704,186,19211.3
52-A-IB,29.63959,-82.34613,187,19299.25
52-A-IB,29.63979,-82.34611,188,19321.57
52-A-IB,29.64028,-82.34614,189,19376.14
52-A-IB,29.64048,-82.3461,190,19398.71
52-A-IB,29.64148,-82.34623,191,19510.61
52-A-IB,29.6417,-82.34628,192,19535.55
52-A-IB,29.64196,-82.34638,193,19566.03
52-A-IB,29.64268,-82.34676,194,19654.11
52-A-IB,29.64288,-82.34683,195,19677.36
52-A-IB,29.64316,-82.34689,196,19709.03
52-A-IB,29.64337,-82.34692,197,19732.56
52-A-IB,29.6436,-82.34693,198,19758.15
52-A-IB,29.6448,-82.34691,199,19891.6
52-A-IB,29.64482,-82.34663,200,19918.75
52-A-IB,29.64484,-82.34656,201,19925.87
52-A-IB,29.644844,-82.345793,202,19999.99
52-A-IB,29.64485,-82.34443,203,20131.72
52-A-IB,29.64482,-82.34351,204,20220.69
52-A-IB,29.64653,-82.34351,205,20410.83
52-A-IB,29.64653,-82.34358,206,20417.6
52-A-IB,29.64591,-82.34493,207,20565.15
52-A-IB,29.64578,-82.34527,208,20601.05
52-A-IB,29.6457,-82.34562,209,20636.02
52-A-IB,29.64568,-82.34635,210,20706.61
52-A-IB,29.64562,-82.34659,211,20730.74
52-A-IB,29.64552,-82.34675,212,20749.79
52-A-IB,29.64538,-82.34686,213,20768.64
52-A-IB,29.64522,-82.34691,214,20787.07
52-A-IB,29.64515,-82.34692,215,20794.92
52-A-IB,29.64504,-82.34691,216,20807.19
52-A-OB,29.64513,-82.34692,1,0
52-A-OB,29.64506,-82.34691,2,7.84
52-A-OB,29.6436,-82.34693,3,170.2
52-A-OB,29.64337,-82.34692,4,195.79
52-A-OB,29.64288,-82.34683,5,250.97
52-A-OB,29.64268,-82.34676,6,274.21
52-A-OB,29.64196,-82.34638,7,362.29
52-A-OB,29.6417,-82.34628,8,392.78
52-A-OB,29.64148,-82.34623,9,417.71
52-A-OB,29.64048,-82.3461,10,529.62
52-A-OB,29.64028,-82.34614,11,552.19
52-A-OB,29.63979,-82.34611,12,606.75
52-A-OB,29.63959,-82.34613,13,629.07
52-A-OB,29.6396,-82.34704,14,717.03
52-A-OB,29.63956,-82.34743,15,754.98
52-A-OB,29.6395,-82.34774,16,785.68
52-A-OB,29.6395,-82.34788,17,799.21
52-A-OB,29.63952,-82.34807,18,817.7
52-A-OB,29.63966,-82.34852,19,863.9
52-A-OB,29.6397,-82.3487,20,881.85
52-A-OB,29.63971,-82.34889,21,900.25
52-A-OB,29.6397,-82.349,22,910.94
52-A-OB,29.63963,-82.34923,23,934.49
52-A-OB,29.639384,-82.349846,24,1000.01
52-A-OB,29.63883,-82.35146,25,1167.71
52-A-OB,29.63871,-82.35185,26,1207.7
52-A-OB,29.63859,-82.3524,27,1262.5
52-A-OB,29.63841,-82.35376,28,1395.46
52-A-OB,29.63824,-82.35535,29,1550.28
52-A-OB,29.63822,-82.35597,30,1610.25
52-A-OB,29.6382,-82.35822,31,1827.71
52-A-OB,29.63815,-82.35843,32,1848.76
52-A-OB,29.63809,-82.35856,33,1862.98
52-A-OB,29.63803,-82.35864,34,1873.2
52-A-OB,29.63793,-82.35874,35,1887.93
52-A-OB,29.63788,-82.35877,36,1894.2
52-A-OB,29.63765,-82.35886,37,1921.21
52-A-OB,29.63763,-82.35911,38,1945.48
52-A-OB,29.63764,-82.359674,39,2000.0
52-A-OB,29.63764,-82.36508,40,2522.47
52-A-OB,29.63762,-82.36691,41,2699.35
52-A-OB,29.63764,-82.36698,42,2706.47
52-A-OB,29.6377,-82.36805,43,2810.1
52-A-OB,29.63771,-82.370015,44,3000.01
52-A-OB,29.63771,-82.37243,45,3233.42
52-A-OB,29.63774,-82.3737,46,3356.2
52-A-OB,29.63774,-82.37424,47,3408.39
52-A-OB,29.63771,-82.37435,48,3419.54
52-A-OB,29.63771,-82.37468,49,3451.43
52-A-OB,29.63773,-82.37485,50,3468.01
52-A-OB,29.63773,-82.37513,51,3495.07
52-A-OB,29.63769,-82.37548,52,3529.19
52-A-OB,29.63758,-82.37578,53,3560.66
52-A-OB,29.63742,-82.37609,54,3595.5
52-A-OB,29.63735,-82.37642,55,3628.33
52-A-OB,29.63734,-82.37675,56,3660.25
52-A-OB,29.63736,-82.3769,57,3674.91
52-A-OB,29.63738,-82.37922,58,3899.15
52-A-OB,29.637414,-82.380263,59,4000.02
52-A-OB,29.63742,-82.38054,60,4026.8
52-A-OB,29.63739,-82.3809,61,4061.75
52-A-OB,29.6366,-82.3809,62,4149.6
52-A-OB,29.63586,-82.38088,63,4231.9
52-A-OB,29.63412,-82.38092,64,4425.42
52-A-OB,29.63401,-82.38095,65,4437.99
52-A-OB,29.63403,-82.38264,66,4601.35
52-A-OB,29.63406,-82.38305,67,4641.11
52-A-OB,29.6342,-82.38408,68,4741.87
52-A-OB,29.63442,-82.38515,69,4848.14
52-A-OB,29.63455,-82.38564,70,4897.66
52-A-OB,29.634894,-82.386622,71,4999.99
52-A-OB,29.63541,-82.38776,72,5124.04
52-A-OB,29.63569,-82.38831,73,5185.64
52-A-OB,29.63591,-82.38869,74,5229.77
52-A-OB,29.63729,-82.39091,75,5493.56
52-A-OB,29.63783,-82.39173,76,5592.99
52-A-OB,29.63803,-82.39211,77,5635.92
52-A-OB,29.63825,-82.39242,78,5674.6
52-A-OB,29.63831,-82.39247,79,5682.84
52-A-OB,29.63869,-82.39307,80,5754.59
52-A-OB,29.63901,-82.39362,81,5818.55
52-A-OB,29.63935,-82.39439,82,5902.02
52-A-OB,29.63954,-82.39496,83,5961.02
52-A-OB,29.639638,-82.395347,84,5999.98
52-A-OB,29.63976,-82.39593,85,6057.93
52-A-OB,29.63982,-82.39634,86,6098.12
52-A-OB,29.63985,-82.39674,87,6136.92
52-A-OB,29.6399,-82.39692,88,6155.18
52-A-OB,29.63993,-82.39764,89,6224.85
52-A-OB,29.63993,-82.3992,90,6375.61
52-A-OB,29.63992,-82.39975,91,6428.78
52-A-OB,29.6399,-82.39983,92,6436.82
52-A-OB,29.63993,-82.40284,93,6727.74
52-A-OB,29.63993,-82.405657,94,6999.99
52-A-OB,29.63995,-82.40715,95,7144.3
52-A-OB,29.63994,-82.40781,96,7208.1
52-A-OB,29.63993,-82.40808,97,7234.22
52-A-OB,29.63987,-82.40867,98,7291.63
52-A-OB,29.63982,-82.40898,99,7322.1
52-A-OB,29.63968,-82.40955,100,7379.34
52-A-OB,29.63944,-82.4102,101,7447.6
52-A-OB,29.63923,-82.41066,102,7497.81
52-A-OB,29.63867,-82.41159,103,7607.16
52-A-OB,29.6383,-82.41203,104,7666.32
52-A-OB,29.63803,-82.4123,105,7706.1
52-A-OB,29.63752,-82.41273,106,7776.41
52-A-OB,29.63705,-82.41305,107,7837.14
52-A-OB,29.63669,-82.41327,108,7882.46
52-A-OB,29.63598,-82.41366,109,7969.95
52-A-OB,29.63573,-82.413779,110,8000.03
52-A-OB,29.63542,-82.41393,111,8037.46
52-A-OB,29.6337,-82.41489,112,8250.04
52-A-OB,29.63291,-82.41539,113,8350.3
52-A-OB,29.63252,-82.41571,114,8403.56
52-A-OB,29.63226,-82.41596,115,8441.24
52-A-OB,29.63195,-82.41629,116,8488.2
52-A-OB,29.6317,-82.41664,117,8531.99
52-A-OB,29.63127,-82.41732,118,8613.27
52-A-OB,29.63096,-82.41805,119,8691.79
52-A-OB,29.63076,-82.41861,120,8750.31
52-A-OB,29.63061,-82.41925,121,8814.38
52-A-OB,29.63053,-82.41983,122,8871.14
52-A-OB,29.6305,-82.4203,123,8916.69
52-A-OB,29.630509,-82.421162,124,9000.01
52-A-OB,29.6305,-82.42268,125,9146.73
52-A-OB,29.63052,-82.42392,126,9266.61
52-A-OB,29.63052,-82.42626,127,9492.78
52-A-OB,29.63055,-82.42729,128,9592.39
52-A-OB,29.63053,-82.42788,129,9649.46
52-A-OB,29.63054,-82.431508,130,10000.12
52-A-OB,29.63054,-82.43467,131,10305.74
52-A-OB,29.63016,-82.43465,132,10348.04
52-A-OB,29.63003,-82.4346,133,10363.28
52-A-OB,29.6296,-82.4346,134,10411.09
52-A-OB,29.62961,-82.43511,135,10460.4
52-A-OB,29.6294,-82.43527,136,10488.41
52-A-OB,29.62864,-82.43607,137,10602.95
52-A-OB,29.62768,-82.43704,138,10745.03
52-A-OB,29.62797,-82.43744,139,10795.37
52-A-OB,29.62815,-82.43759,140,10820.09
52-A-OB,29.62837,-82.43789,141,10858.03
52-A-OB,29.62842,-82.43802,142,10871.77
52-A-OB,29.62847,-82.4381,143,10881.29
52-A-OB,29.62876,-82.43847,144,10929.44
52-A-OB,29.62891,-82.4386,145,10950.33
52-A-OB,29.6291,-82.43888,146,10984.66
52-A-OB,29.629215,-82.43897,147,11000.13
52-A-OB,29.62943,-82.4391,148,11027.13
52-A-OB,29.62967,-82.43917,149,11054.66
52-A-OB,29.62986,-82.43919,150,11075.88
52-A-OB,29.63023,-82.43914,151,11117.3
52-A-OB,29.63038,-82.4391,152,11134.43
52-A-OB,29.63041,-82.43906,153,11139.53
52-A-OB,29.63047,-82.43904,154,11146.48
52-A-OB,29.63052,-82.43905,155,11152.12
52-A-OB,29.63056,-82.43908,156,11157.43
52-A-OB,29.6306,-82.43918,157,11168.07
52-A-OB,29.63059,-82.43924,158,11173.98
52-A-OB,29.63054,-82.4393,159,11182.01
52-A-OB,29.63048,-82.43986,160,11236.55
52-A-OB,29.63057,-82.44034,161,11284.01
52-A-OB,29.63058,-82.44259,162,11501.48
52-A-OB,29.6306,-82.44264,163,11506.8
52-A-OB,29.63062,-82.44335,164,11575.46
52-A-OB,29.63063,-82.44587,165,11819.03
52-A-OB,29.6306,-82.44597,166,11829.26
52-A-OB,29.6306,-82.447738,167,12000.14
52-A-OB,29.6306,-82.44833,168,12057.36
52-A-OB,29.63063,-82.44838,169,12063.23
52-A-OB,29.63065,-82.45327,170,12535.88
52-A-OB,29.63062,-82.45348,171,12556.45
52-A-OB,29.63062,-82.45404,172,12610.57
52-A-OB,29.630658,-82.458073,173,13000.4
52-A-OB,29.630759,-82.46842,174,14000.54
52-A-OB,29.6308,-82.47262,175,14406.51
52-A-OB,29.636145,-82.472582,176,15000.86
52-A-OB,29.645139,-82.472532,177,16000.96
52-A-OB,29.64792,-82.4725,178,16310.21
52-A-OB,29.64816,-82.47251,179,16336.91
52-A-OB,29.64838,-82.4725,180,16361.4
52-A-OB,29.64845,-82.47247,181,16369.7
52-A-OB,29.65048,-82.47241,182,16595.5
52-A-OB,29.65191,-82.47243,183,16754.52
52-A-OB,29.65196,-82.47245,184,16760.41
52-A-OB,29.654125,-82.472429,185,17001.15
52-A-OB,29.65965,-82.47239,186,17615.52
52-A-OB,29.65991,-82.47241,187,17644.49
52-A-OB,29.65978,-82.47301,188,17704.24
52-A-OB,29.65962,-82.47363,189,17766.74
52-A-OB,29.658827,-82.47588,190,18001.35
52-A-OB,29.657442,-82.479814,191,18411.49
52-A-OB,29.65665,-82.48201,192,18641.24
52-A-OB,29.65584,-82.48407,193,18859.72
52-A-OB,29.65573,-82.48442,194,18895.69
52-A-OB,29.655344,-82.485419,195,19001.33
52-A-OB,29.6547,-82.48705,196,19174.44
52-A-OB,29.65451,-82.4876,197,19231.64
52-A-OB,29.65423,-82.48862,198,19335.0
52-A-OB,29.65408,-82.48965,199,19435.92
52-A-OB,29.65403,-82.49037,200,19505.72
52-A-OB,29.65402,-82.49249,201,19710.58
52-A-OB,29.65516,-82.49248,202,19837.34
43-A-IB,29.67953,-82.4319,1,0
43-A-IB,29.67953,-82.43199,2,8.69
43-A-IB,29.67946,-82.43207,3,19.66
43-A-IB,29.67912,-82.43209,4,57.52
43-A-IB,29.67902,-82.43205,5,69.29
43-A-IB,29.67881,-82.43179,6,103.59
43-A-IB,29.67878,-82.43175,7,108.69
43-A-IB,29.67875,-82.43162,8,121.69
43-A-IB,29.67786,-82.43161,9,220.65
43-A-IB,29.67785,-82.43033,10,344.32
43-A-IB,29.68031,-82.43032,11,617.86
43-A-IB,29.68042,-82.43028,12,630.69
43-A-IB,29.68078,-82.43027,13,670.73
43-A-IB,29.68167,-82.43028,14,769.7
43-A-IB,29.683741,-82.43027,15,999.98
43-A-IB,29.68447,-82.43028,16,1081.05
43-A-IB,29.68504,-82.43026,17,1144.46
43-A-IB,29.68588,-82.43026,18,1237.86
43-A-IB,29.68684,-82.43027,19,1344.62
43-A-IB,29.68696,-82.43029,20,1358.1
43-A-IB,29.68876,-82.43028,21,1558.25
43-A-IB,29.68873,-82.425707,22,2000.01
43-A-IB,29.6887,-82.42228,23,2331.07
43-A-IB,29.68871,-82.415355,24,3000.01
43-A-IB,29.6887,-82.41182,25,3341.49
43-A-IB,29.68872,-82.40731,26,3777.15
43-A-IB,29.688703,-82.405003,27,4000.01
43-A-IB,29.68861,-82.39782,28,4693.95
43-A-IB,29.6886,-82.394652,29,4999.98
43-A-IB,29.68859,-82.38895,30,5550.79
43-A-IB,29.6882,-82.38893,31,5594.19
43-A-IB,29.68798,-82.38894,32,5618.68
43-A-IB,29.68737,-82.38893,33,5686.51
43-A-IB,29.68687,-82.38895,34,5742.14
43-A-IB,29.684551,-82.38895,35,6000.0
43-A-IB,29.67604,-82.38898,36,6946.39
43-A-IB,29.675558,-82.388971,37,6999.99
43-A-IB,29.666565,-82.389012,38,7999.98
43-A-IB,29.66455,-82.38902,39,8224.03
43-A-IB,29.66307,-82.38905,40,8388.63
43-A-IB,29.66076,-82.38907,41,8645.5
43-A-IB,29.66039,-82.38909,42,8686.68
43-A-IB,29.65973,-82.38914,43,8760.23
43-A-IB,29.6596,-82.3892,44,8775.81
43-A-IB,29.65877,-82.38927,45,8868.35
43-A-IB,29.65805,-82.38943,46,8949.88
43-A-IB,29.657616,-82.38957,47,9000.0
43-A-IB,29.6572,-82.38975,48,9049.42
43-A-IB,29.65589,-82.39038,49,9207.3
43-A-IB,29.65578,-82.39041,50,9219.87
43-A-IB,29.65436,-82.38654,51,9625.8
43-A-IB,29.65375,-82.38493,52,9795.52
43-A-IB,29.65305,-82.382973,53,10000.02
43-A-IB,29.6524,-82.38122,54,10184.19
43-A-IB,29.65209,-82.38033,55,10276.84
43-A-IB,29.65198,-82.37996,56,10314.63
43-A-IB,29.65189,-82.37958,57,10352.69
43-A-IB,29.65179,-82.37889,58,10420.29
43-A-IB,29.65176,-82.37825,59,10482.23
43-A-IB,29.65183,-82.37659,60,10642.83
43-A-IB,29.65184,-82.37564,61,10734.64
43-A-IB,29.65187,-82.37479,62,10816.84
43-A-IB,29.6519,-82.37429,63,10865.27
43-A-IB,29.652023,-82.372903,64,11000.0
43-A-IB,29.65218,-82.37104,65,11180.87
43-A-IB,29.65217,-82.37092,66,11192.52
43-A-IB,29.65222,-82.36966,67,11314.41
43-A-IB,29.65226,-82.36636,68,11633.33
43-A-IB,29.65225,-82.36556,69,11710.64
43-A-IB,29.65219,-82.36518,70,11747.96
43-A-IB,29.65203,-82.3644,71,11825.41
43-A-IB,29.65201,-82.36366,72,11896.95
43-A-IB,29.652008,-82.362593,73,12000.06
43-A-IB,29.652,-82.36107,74,12147.24
43-A-IB,29.65224,-82.35986,75,12267.17
43-A-IB,29.65222,-82.35885,76,12364.8
43-A-IB,29.6521,-82.35649,77,12593.24
43-A-IB,29.65208,-82.35584,78,12656.09
43-A-IB,29.65204,-82.35565,79,12674.98
43-A-IB,29.65204,-82.35324,80,12907.87
43-A-IB,29.652023,-82.352286,81,13000.08
43-A-IB,29.65203,-82.35151,82,13075.07
43-A-IB,29.65206,-82.35084,83,13139.9
43-A-IB,29.6521,-82.35069,84,13155.06
43-A-IB,29.6521,-82.34966,85,13254.59
43-A-IB,29.65208,-82.3486,86,13357.05
43-A-IB,29.65209,-82.34795,87,13419.87
43-A-IB,29.65203,-82.34789,88,13428.71
43-A-IB,29.652014,-82.341978,89,14000.01
43-A-IB,29.65202,-82.3412,90,14075.19
43-A-IB,29.65208,-82.34102,91,14093.82
43-A-IB,29.65209,-82.34089,92,14106.43
43-A-IB,29.65206,-82.34027,93,14166.44
43-A-IB,29.65206,-82.33939,94,14251.48
43-A-IB,29.65179,-82.3394,95,14281.52
43-A-IB,29.65099,-82.33939,96,14370.48
43-A-IB,29.65086,-82.33933,97,14386.05
43-A-IB,29.6492,-82.33933,98,14570.64
43-A-IB,29.64914,-82.33938,99,14578.87
43-A-IB,29.645372,-82.33938,100,14997.86
43-A-IB,29.645371,-82.339357,101,15000.08
43-A-IB,29.64537,-82.33932,102,15003.66
43-A-IB,29.6449,-82.33932,103,15055.92
43-A-IB,29.64482,-82.33994,104,15116.49
43-A-IB,29.64485,-82.3401,105,15132.31
43-A-IB,29.64485,-82.34097,106,15216.39
43-A-IB,29.64481,-82.34115,107,15234.34
43-A-IB,29.64483,-82.34351,108,15462.43
43-A-IB,29.64335,-82.34351,109,15626.99
43-A-IB,29.64243,-82.34365,110,15730.19
43-A-IB,29.64176,-82.34377,111,15805.58
43-A-IB,29.64168,-82.34377,112,15814.48
43-A-IB,29.6416,-82.34374,113,15823.83
43-A-IB,29.64138,-82.34355,114,15854.42
43-A-IB,29.64109,-82.3434,115,15889.78
43-A-IB,29.64136,-82.34274,116,15960.27
43-A-IB,29.641039,-82.342559,117,16000.02
43-A-IB,29.64096,-82.34253,118,16009.24
43-A-IB,29.64058,-82.34232,119,16056.12
43-A-IB,29.64052,-82.34227,120,16064.36
43-A-IB,29.64013,-82.34204,121,16113.09
43-A-IB,29.63975,-82.34184,122,16159.55
43-A-IB,29.63969,-82.34196,123,16172.93
43-A-IB,29.63891,-82.34417,124,16403.46
43-A-OB,29.63898,-82.34398,1,0
43-A-OB,29.63826,-82.34603,2,213.69
43-A-OB,29.63834,-82.34607,3,223.39
43-A-OB,29.63858,-82.34617,4,251.77
43-A-OB,29.63876,-82.34621,5,272.16
43-A-OB,29.63894,-82.34621,6,292.17
43-A-OB,29.6397,-82.34612,7,377.13
43-A-OB,29.64024,-82.34615,8,437.24
43-A-OB,29.64043,-82.34611,9,458.72
43-A-OB,29.6405,-82.34611,10,466.5
43-A-OB,29.64149,-82.34624,11,577.3
43-A-OB,29.64166,-82.34627,12,596.42
43-A-OB,29.64189,-82.34634,13,622.88
43-A-OB,29.64254,-82.3467,14,703.09
43-A-OB,29.64283,-82.34682,15,737.36
43-A-OB,29.64318,-82.34691,16,777.24
43-A-OB,29.64342,-82.34693,17,804.0
43-A-OB,29.64365,-82.34694,18,829.59
43-A-OB,29.64484,-82.34693,19,961.92
43-A-OB,29.64484,-82.346534,20,1000.19
43-A-OB,29.64482,-82.34131,21,1505.04
43-A-OB,29.64481,-82.34115,22,1520.54
43-A-OB,29.64477,-82.34097,23,1538.5
43-A-OB,29.64476,-82.3402,24,1612.92
43-A-OB,29.64482,-82.33994,25,1638.92
43-A-OB,29.6449,-82.33932,26,1699.49
43-A-OB,29.6457,-82.33932,27,1788.45
43-A-OB,29.64596,-82.33927,28,1817.76
43-A-OB,29.647601,-82.33927,29,2000.23
43-A-OB,29.64858,-82.33928,30,2109.09
43-A-OB,29.64914,-82.33927,31,2171.37
43-A-OB,29.6492,-82.33933,32,2180.21
43-A-OB,29.65023,-82.33933,33,2294.74
43-A-OB,29.65083,-82.33932,34,2361.46
43-A-OB,29.65129,-82.33927,35,2412.84
43-A-OB,29.6521,-82.33924,36,2502.95
43-A-OB,29.65214,-82.34002,37,2578.46
43-A-OB,29.652111,-82.344385,38,3000.28
43-A-OB,29.65213,-82.3478,39,3330.29
43-A-OB,29.6521,-82.34793,40,3343.28
43-A-OB,29.65208,-82.3486,41,3408.07
43-A-OB,29.6521,-82.35069,42,3610.04
43-A-OB,29.65213,-82.35084,43,3624.92
43-A-OB,29.65211,-82.35221,44,3757.32
43-A-OB,29.65212,-82.35408,45,3938.03
43-A-OB,29.652107,-82.354724,46,4000.28
43-A-OB,29.6521,-82.35567,47,4091.7
43-A-OB,29.65208,-82.35584,48,4108.28
43-A-OB,29.6521,-82.3565,49,4172.09
43-A-OB,29.65222,-82.35885,50,4399.57
43-A-OB,29.65224,-82.35986,51,4497.2
43-A-OB,29.65221,-82.36007,52,4517.76
43-A-OB,29.65204,-82.36082,53,4592.66
43-A-OB,29.652,-82.36107,54,4617.23
43-A-OB,29.652,-82.36289,55,4793.1
43-A-OB,29.65202,-82.36428,56,4927.44
43-A-OB,29.6521,-82.36479,57,4977.52
43-A-OB,29.652154,-82.365018,58,5000.36
43-A-OB,29.65226,-82.36564,59,5061.61
43-A-OB,29.65224,-82.36731,60,5223.0
43-A-OB,29.65224,-82.36967,61,5451.05
43-A-OB,29.65227,-82.37099,62,5578.65
43-A-OB,29.65221,-82.37156,63,5634.14
43-A-OB,29.65201,-82.37405,64,5875.78
43-A-OB,29.65196,-82.3748,65,5948.47
43-A-OB,29.651942,-82.375337,66,6000.4
43-A-OB,29.65191,-82.37824,67,6280.95
43-A-OB,29.65192,-82.37876,68,6331.21
43-A-OB,29.65195,-82.37909,69,6363.27
43-A-OB,29.65203,-82.37964,70,6417.16
43-A-OB,29.65214,-82.38008,71,6461.4
43-A-OB,29.65228,-82.38051,72,6505.78
43-A-OB,29.6532,-82.38307,73,6773.47
43-A-OB,29.65361,-82.38415,74,6887.36
43-A-OB,29.653998,-82.385232,75,7000.47
43-A-OB,29.65421,-82.38576,76,7056.67
43-A-OB,29.65457,-82.38678,77,7163.05
43-A-OB,29.6547,-82.38708,78,7195.45
43-A-OB,29.65547,-82.3892,79,7417.48
43-A-OB,29.65557,-82.38952,80,7450.34
43-A-OB,29.65584,-82.39027,81,7528.78
43-A-OB,29.65758,-82.38947,82,7737.13
43-A-OB,29.65796,-82.38934,83,7781.22
43-A-OB,29.65834,-82.38924,84,7824.56
43-A-OB,29.65876,-82.38916,85,7871.9
43-A-OB,29.65923,-82.38911,86,7924.38
43-A-OB,29.6596,-82.3891,87,7965.54
43-A-OB,29.65973,-82.38914,88,7980.5
43-A-OB,29.659909,-82.389125,89,8000.45
43-A-OB,29.66076,-82.38907,90,8095.23
43-A-OB,29.66138,-82.38906,91,8164.18
43-A-OB,29.66307,-82.38905,92,8352.1
43-A-OB,29.66456,-82.38902,93,8517.81
43-A-OB,29.66608,-82.38902,94,8686.82
43-A-OB,29.66671,-82.389,95,8756.9
43-A-OB,29.66723,-82.38901,96,8814.73
43-A-OB,29.668901,-82.389,97,9000.54
43-A-OB,29.67159,-82.38898,98,9299.55
43-A-OB,29.67229,-82.389,99,9377.41
43-A-OB,29.67403,-82.389,100,9570.89
43-A-OB,29.67416,-82.38897,101,9585.63
43-A-OB,29.67509,-82.38898,102,9689.05
43-A-OB,29.677893,-82.38897,103,10000.73
43-A-OB,29.686874,-82.38894,104,10999.38
43-A-OB,29.6874,-82.38893,105,11057.87
43-A-OB,29.68873,-82.38894,106,11205.76
43-A-OB,29.68873,-82.39459,107,11751.54
43-A-OB,29.68875,-82.39708,108,11992.08
43-A-OB,29.68873,-82.397084,109,11994.34
43-A-OB,29.688731,-82.397137,110,11999.46
43-A-OB,29.68883,-82.40446,111,12706.94
43-A-OB,29.68884,-82.407491,112,12999.73
43-A-OB,29.68884,-82.417845,113,13999.9
43-A-OB,29.68883,-82.42184,114,14385.82
43-A-OB,29.688883,-82.428197,115,14999.92
43-A-OB,29.68889,-82.43027,116,15200.17
43-A-OB,29.68696,-82.43029,117,15414.78
43-A-OB,29.68684,-82.43032,118,15428.44
43-A-OB,29.68588,-82.43034,119,15535.2
43-A-OB,29.68427,-82.43032,120,15714.24
43-A-OB,29.68384,-82.43034,121,15762.09
43-A-OB,29.68312,-82.43033,122,15842.16
43-A-OB,29.681701,-82.43035,123,15999.95
43-A-OB,29.68079,-82.43036,124,16101.26
43-A-OB,29.68042,-82.43035,125,16142.41
43-A-OB,29.68031,-82.43032,126,16154.98
43-A-OB,29.67785,-82.43033,127,16428.52
43-A-OB,29.67786,-82.43161,128,16552.18
43-A-OB,29.67954,-82.43162,129,16738.99
43-A-OB,29.67953,-82.4319,130,16766.07
